,Season,Team,W,L,SV,G,GS,IP,SO,K/9,BB/9,HR/9,BABIP,LOB%,GB%,HR/FB,ERA,FIP,xFIP,WAR
1,2015.0,Cardinals,100.0,62.0,62.0,677.0,162.0,1464.2,1329.0,8.17,2.93,0.76,0.297,0.794,0.48,0.094,2.94,3.48,3.71,21.3
2,2011.0,Phillies,102.0,60.0,47.0,556.0,162.0,1477.0,1299.0,7.92,2.46,0.73,0.286,0.775,0.465,0.083,3.02,3.24,3.41,28.1
3,2014.0,Nationals,96.0,66.0,45.0,620.0,162.0,1470.2,1288.0,7.88,2.15,0.67,0.294,0.7490000000000001,0.44799999999999995,0.075,3.03,3.18,3.43,23.7
4,2018.0,Astros,103.0,59.0,46.0,672.0,162.0,1455.0,1687.0,10.44,2.69,0.94,0.283,0.779,0.44,0.11599999999999999,3.11,3.23,3.36,30.6
5,2016.0,Cubs,103.0,58.0,38.0,665.0,162.0,1459.2,1441.0,8.88,3.05,1.01,0.255,0.775,0.469,0.131,3.15,3.77,3.74,20.4
6,2014.0,Mariners,87.0,75.0,51.0,659.0,162.0,1452.0,1317.0,8.16,2.87,0.85,0.275,0.768,0.45399999999999996,0.099,3.17,3.61,3.57,15.6
7,2013.0,Braves,96.0,66.0,53.0,628.0,162.0,1450.1,1232.0,7.65,2.54,0.79,0.288,0.77,0.45799999999999996,0.094,3.18,3.44,3.58,18.4
8,2012.0,Rays,90.0,72.0,50.0,634.0,162.0,1459.2,1383.0,8.53,2.89,0.86,0.277,0.755,0.479,0.107,3.19,3.51,3.59,23.5
9,2011.0,Giants,86.0,76.0,52.0,642.0,162.0,1468.0,1316.0,8.07,3.43,0.59,0.283,0.7440000000000001,0.46399999999999997,0.069,3.21,3.33,3.66,20.5
10,2014.0,Athletics,88.0,74.0,31.0,603.0,162.0,1463.1,1244.0,7.65,2.5,0.9,0.272,0.759,0.456,0.1,3.22,3.67,3.6,15.4
11,2015.0,Pirates,98.0,64.0,54.0,662.0,162.0,1489.2,1338.0,8.08,2.74,0.66,0.302,0.75,0.504,0.094,3.23,3.36,3.56,22.5
12,2013.0,Dodgers,92.0,70.0,46.0,666.0,162.0,1450.1,1292.0,8.02,2.85,0.79,0.291,0.755,0.47100000000000003,0.099,3.25,3.45,3.52,20.2
13,2014.0,Padres,77.0,85.0,41.0,643.0,162.0,1438.2,1284.0,8.03,2.89,0.73,0.289,0.7490000000000001,0.452,0.086,3.27,3.46,3.57,15.9
14,2013.0,Pirates,94.0,68.0,55.0,627.0,162.0,1470.2,1261.0,7.72,3.15,0.62,0.285,0.75,0.525,0.08900000000000001,3.27,3.42,3.58,17.9
15,2017.0,Indians,102.0,60.0,37.0,659.0,162.0,1440.2,1614.0,10.08,2.54,1.02,0.303,0.775,0.441,0.13,3.3,3.33,3.41,32.0
16,2012.0,Nationals,98.0,64.0,51.0,644.0,162.0,1468.1,1325.0,8.12,3.05,0.79,0.282,0.7509999999999999,0.46299999999999997,0.092,3.34,3.54,3.8,19.3
17,2012.0,Reds,97.0,65.0,56.0,587.0,162.0,1453.0,1248.0,7.73,2.64,0.94,0.288,0.769,0.45899999999999996,0.107,3.34,3.72,3.8,20.9
18,2012.0,Dodgers,86.0,76.0,40.0,668.0,162.0,1449.2,1276.0,7.92,3.35,0.76,0.283,0.748,0.455,0.08900000000000001,3.35,3.64,3.93,19.5
19,2015.0,Cubs,97.0,65.0,48.0,714.0,162.0,1461.1,1431.0,8.81,2.51,0.83,0.287,0.727,0.466,0.107,3.36,3.3,3.37,24.2
20,2010.0,Giants,92.0,70.0,57.0,638.0,162.0,1461.0,1331.0,8.2,3.56,0.83,0.282,0.77,0.42,0.08,3.36,3.74,3.94,18.5
21,2017.0,Dodgers,104.0,58.0,51.0,698.0,162.0,1444.2,1549.0,9.65,2.75,1.15,0.281,0.778,0.42700000000000005,0.134,3.38,3.67,3.7,24.4
22,2013.0,Reds,90.0,72.0,43.0,623.0,162.0,1473.2,1296.0,7.91,2.66,1.04,0.273,0.775,0.441,0.115,3.38,3.81,3.68,17.0
23,2014.0,Braves,79.0,83.0,54.0,634.0,162.0,1455.0,1301.0,8.05,2.92,0.75,0.3,0.75,0.42700000000000005,0.083,3.38,3.47,3.63,16.4
24,2018.0,Dodgers,92.0,71.0,48.0,756.0,163.0,1476.0,1565.0,9.54,2.57,1.09,0.284,0.762,0.449,0.134,3.4,3.6,3.52,20.5
25,2014.0,Dodgers,94.0,68.0,47.0,658.0,162.0,1464.2,1373.0,8.44,2.64,0.87,0.292,0.74,0.478,0.10800000000000001,3.4,3.48,3.33,18.0
26,2010.0,Padres,90.0,72.0,49.0,661.0,162.0,1456.1,1295.0,8.0,3.2,0.86,0.286,0.767,0.46,0.09300000000000001,3.41,3.66,3.67,17.5
27,2009.0,Dodgers,95.0,67.0,44.0,688.0,162.0,1473.1,1272.0,7.77,3.57,0.78,0.275,0.7490000000000001,0.43700000000000006,0.081,3.41,3.8,4.07,20.8
28,2012.0,Braves,94.0,68.0,47.0,622.0,162.0,1445.1,1232.0,7.67,2.89,0.9,0.284,0.754,0.47200000000000003,0.10800000000000001,3.42,3.74,3.8,15.4
29,2011.0,Padres,71.0,91.0,44.0,651.0,162.0,1449.1,1139.0,7.07,3.24,0.78,0.283,0.745,0.44,0.08199999999999999,3.43,3.73,3.93,13.4
30,2013.0,Cardinals,97.0,65.0,44.0,645.0,162.0,1459.2,1254.0,7.73,2.78,0.69,0.297,0.745,0.485,0.085,3.43,3.39,3.63,19.6
31,2014.0,Orioles,96.0,66.0,53.0,641.0,162.0,1461.1,1174.0,7.23,2.91,0.93,0.28,0.77,0.43799999999999994,0.098,3.44,3.96,3.92,13.6
32,2013.0,Royals,86.0,76.0,52.0,589.0,162.0,1448.1,1208.0,7.51,2.91,0.96,0.29,0.769,0.418,0.1,3.45,3.83,3.9,16.5
33,2015.0,Mets,90.0,72.0,50.0,647.0,162.0,1462.2,1337.0,8.23,2.36,0.94,0.288,0.743,0.46299999999999997,0.10800000000000001,3.45,3.53,3.6,20.7
34,2015.0,Dodgers,92.0,70.0,47.0,677.0,162.0,1445.2,1396.0,8.69,2.46,0.9,0.296,0.747,0.501,0.121,3.46,3.41,3.33,21.8
35,2011.0,Braves,89.0,73.0,52.0,672.0,162.0,1479.2,1332.0,8.1,3.17,0.76,0.288,0.752,0.475,0.092,3.49,3.49,3.54,18.7
36,2008.0,Blue Jays,86.0,76.0,44.0,583.0,162.0,1446.2,1184.0,7.37,2.91,0.83,0.284,0.748,0.466,0.09300000000000001,3.49,3.81,3.92,23.3
37,2014.0,Pirates,88.0,74.0,48.0,614.0,162.0,1456.1,1228.0,7.59,3.08,0.79,0.29,0.742,0.505,0.10300000000000001,3.49,3.8,3.71,10.2
38,2014.0,Mets,79.0,83.0,42.0,651.0,162.0,1463.2,1303.0,8.01,3.13,0.87,0.295,0.757,0.45799999999999996,0.099,3.49,3.75,3.7,13.0
39,2012.0,Athletics,94.0,68.0,47.0,624.0,162.0,1470.0,1136.0,6.96,2.83,0.9,0.279,0.754,0.41700000000000004,0.091,3.5,3.89,4.2,18.2
40,2014.0,Giants,88.0,74.0,46.0,637.0,162.0,1449.0,1211.0,7.52,2.42,0.83,0.282,0.727,0.45899999999999996,0.094,3.5,3.58,3.59,11.5
41,2014.0,Cardinals,90.0,72.0,55.0,647.0,162.0,1448.2,1221.0,7.59,2.92,0.76,0.286,0.7440000000000001,0.45399999999999996,0.086,3.5,3.65,3.77,15.5
42,2014.0,Royals,89.0,73.0,53.0,613.0,162.0,1450.2,1168.0,7.25,2.73,0.79,0.292,0.7390000000000001,0.431,0.08199999999999999,3.51,3.69,3.88,15.8
43,2016.0,Nationals,95.0,67.0,46.0,670.0,162.0,1459.2,1476.0,9.1,2.89,0.96,0.288,0.75,0.433,0.109,3.52,3.58,3.82,24.1
44,2009.0,Giants,88.0,74.0,41.0,619.0,162.0,1446.0,1302.0,8.1,3.63,0.87,0.279,0.7559999999999999,0.43,0.091,3.55,3.85,3.99,20.2
45,2013.0,Athletics,96.0,66.0,46.0,609.0,162.0,1452.0,1183.0,7.33,2.65,1.01,0.276,0.748,0.395,0.092,3.56,3.83,4.05,16.0
46,2014.0,Rays,77.0,85.0,37.0,656.0,162.0,1463.2,1437.0,8.84,2.96,0.89,0.286,0.741,0.408,0.091,3.56,3.56,3.62,16.8
47,2011.0,Dodgers,82.0,79.0,40.0,622.0,161.0,1432.0,1265.0,7.95,3.19,0.83,0.285,0.741,0.428,0.08800000000000001,3.56,3.61,3.72,18.3
48,2011.0,Angels,86.0,76.0,39.0,548.0,162.0,1465.0,1058.0,6.5,2.92,0.87,0.282,0.745,0.449,0.08800000000000001,3.57,3.89,4.01,16.1
49,2010.0,Braves,91.0,71.0,41.0,652.0,162.0,1439.1,1241.0,7.76,3.16,0.79,0.29,0.7340000000000001,0.499,0.09300000000000001,3.57,3.65,3.65,18.4
50,2010.0,Cardinals,86.0,76.0,32.0,617.0,162.0,1453.2,1094.0,6.77,2.95,0.82,0.292,0.74,0.495,0.092,3.57,3.85,3.87,14.0
51,2015.0,Astros,86.0,76.0,39.0,644.0,162.0,1441.0,1280.0,7.99,2.64,0.92,0.285,0.738,0.473,0.109,3.57,3.66,3.71,20.1
52,2014.0,Indians,85.0,77.0,40.0,735.0,162.0,1468.1,1450.0,8.89,2.84,0.83,0.309,0.732,0.467,0.1,3.57,3.42,3.36,20.8
53,2009.0,Braves,86.0,76.0,38.0,650.0,162.0,1462.2,1232.0,7.58,3.26,0.73,0.299,0.738,0.46399999999999997,0.081,3.57,3.66,3.91,23.7
54,2014.0,Angels,98.0,64.0,46.0,705.0,162.0,1482.2,1342.0,8.15,3.06,0.76,0.285,0.733,0.41700000000000004,0.08,3.58,3.57,3.78,15.6
55,2016.0,Mets,87.0,75.0,55.0,700.0,162.0,1447.0,1396.0,8.68,2.73,0.95,0.308,0.7559999999999999,0.442,0.111,3.58,3.57,3.78,23.6
56,2011.0,Nationals,80.0,81.0,49.0,664.0,161.0,1449.1,1049.0,6.51,2.96,0.8,0.287,0.736,0.446,0.08199999999999999,3.58,3.83,4.04,13.8
57,2010.0,Athletics,81.0,81.0,38.0,585.0,162.0,1431.2,1070.0,6.73,3.22,0.96,0.274,0.7509999999999999,0.461,0.09699999999999999,3.58,4.13,4.08,13.1
58,2011.0,Rays,91.0,71.0,32.0,600.0,162.0,1449.0,1143.0,7.1,3.13,1.0,0.265,0.755,0.42100000000000004,0.098,3.58,4.03,4.01,14.6
59,2014.0,Reds,76.0,86.0,44.0,590.0,162.0,1446.0,1290.0,8.03,3.16,1.01,0.277,0.765,0.451,0.11599999999999999,3.59,4.01,3.75,12.8
60,2013.0,Nationals,86.0,76.0,47.0,602.0,162.0,1445.2,1236.0,7.69,2.52,0.88,0.291,0.737,0.45,0.098,3.59,3.55,3.64,17.1
61,2013.0,Tigers,93.0,69.0,39.0,590.0,162.0,1462.2,1428.0,8.79,2.84,0.79,0.306,0.737,0.45399999999999996,0.092,3.61,3.27,3.43,26.8
62,2015.0,Nationals,83.0,79.0,41.0,630.0,162.0,1434.2,1342.0,8.42,2.28,0.91,0.3,0.727,0.447,0.10300000000000001,3.62,3.45,3.58,21.6
63,2013.0,Rangers,91.0,72.0,46.0,638.0,163.0,1463.1,1309.0,8.05,3.06,0.97,0.293,0.755,0.428,0.107,3.63,3.77,3.75,20.1
64,2011.0,Brewers,96.0,66.0,47.0,596.0,162.0,1441.2,1257.0,7.85,2.75,0.92,0.288,0.732,0.447,0.09699999999999999,3.64,3.59,3.58,21.0
65,2018.0,Cubs,95.0,68.0,46.0,763.0,163.0,1476.1,1333.0,8.13,3.79,0.96,0.284,0.762,0.45,0.115,3.65,4.14,4.29,12.9
66,2009.0,Cardinals,91.0,71.0,43.0,643.0,162.0,1440.2,1049.0,6.55,2.87,0.77,0.292,0.732,0.498,0.087,3.66,3.82,4.0,19.6
67,2014.0,Brewers,82.0,80.0,45.0,640.0,162.0,1457.2,1246.0,7.69,2.66,1.03,0.289,0.74,0.456,0.113,3.67,3.89,3.65,13.6
68,2017.0,Diamondbacks,93.0,69.0,43.0,675.0,162.0,1441.0,1482.0,9.26,3.22,1.07,0.294,0.742,0.48100000000000004,0.131,3.67,3.8,3.86,23.3
69,2012.0,Giants,94.0,68.0,53.0,688.0,162.0,1451.0,1237.0,7.67,3.03,0.88,0.289,0.736,0.46,0.099,3.68,3.78,3.95,12.9
70,2015.0,Indians,81.0,80.0,38.0,637.0,161.0,1432.2,1407.0,8.84,2.67,1.01,0.288,0.728,0.445,0.11699999999999999,3.68,3.62,3.57,21.0
71,2008.0,Dodgers,84.0,78.0,35.0,623.0,162.0,1447.1,1205.0,7.49,2.98,0.76,0.295,0.726,0.496,0.09300000000000001,3.68,3.67,3.77,23.1
72,2010.0,Phillies,97.0,65.0,40.0,613.0,162.0,1456.1,1183.0,7.31,2.57,1.04,0.289,0.753,0.465,0.106,3.68,3.93,3.75,16.0
73,2016.0,Giants,87.0,75.0,43.0,737.0,162.0,1460.1,1309.0,8.07,2.71,0.97,0.287,0.743,0.45299999999999996,0.10800000000000001,3.69,3.76,4.01,17.0
74,2016.0,Dodgers,91.0,71.0,47.0,768.0,162.0,1453.0,1510.0,9.35,2.87,1.02,0.288,0.738,0.428,0.11699999999999999,3.7,3.61,3.75,22.8
75,2012.0,Cardinals,88.0,74.0,42.0,668.0,162.0,1462.2,1218.0,7.49,2.68,0.82,0.298,0.732,0.485,0.10400000000000001,3.71,3.62,3.72,17.9
76,2013.0,Marlins,62.0,100.0,36.0,633.0,162.0,1460.0,1177.0,7.26,3.24,0.75,0.292,0.732,0.45299999999999996,0.084,3.71,3.69,3.96,12.9
77,2011.0,Athletics,74.0,88.0,39.0,622.0,162.0,1447.2,1160.0,7.21,3.23,0.85,0.289,0.721,0.441,0.085,3.71,3.8,3.98,16.5
78,2018.0,Diamondbacks,82.0,80.0,39.0,735.0,162.0,1463.0,1448.0,8.91,3.21,1.07,0.289,0.757,0.473,0.13699999999999998,3.73,3.91,3.81,16.8
79,2010.0,Mets,79.0,83.0,36.0,653.0,162.0,1453.0,1106.0,6.85,3.38,0.84,0.296,0.7490000000000001,0.44799999999999995,0.084,3.73,4.0,4.14,12.7
80,2015.0,Giants,84.0,78.0,41.0,719.0,162.0,1444.1,1165.0,7.26,2.69,0.97,0.283,0.745,0.46,0.10800000000000001,3.73,3.92,3.99,9.8
81,2018.0,Brewers,96.0,67.0,49.0,722.0,163.0,1461.0,1428.0,8.8,3.41,1.07,0.279,0.7440000000000001,0.43200000000000005,0.125,3.73,4.01,4.04,16.4
82,2011.0,Yankees,97.0,65.0,47.0,627.0,162.0,1458.1,1222.0,7.54,3.13,0.94,0.297,0.75,0.442,0.099,3.73,3.87,3.84,21.0
83,2017.0,Red Sox,93.0,69.0,39.0,677.0,162.0,1482.1,1580.0,9.59,2.82,1.18,0.303,0.757,0.41,0.127,3.73,3.78,3.91,24.4
84,2015.0,Royals,95.0,67.0,56.0,655.0,162.0,1452.0,1160.0,7.19,3.03,0.96,0.286,0.75,0.428,0.099,3.74,4.04,4.25,12.7
85,2013.0,Rays,92.0,71.0,42.0,648.0,163.0,1464.0,1310.0,8.05,2.96,0.94,0.284,0.736,0.446,0.106,3.74,3.71,3.71,16.8
86,2015.0,Rays,80.0,82.0,60.0,692.0,162.0,1453.1,1355.0,8.39,2.95,1.08,0.284,0.7509999999999999,0.418,0.11199999999999999,3.74,3.91,3.94,15.1
87,2017.0,Yankees,91.0,71.0,36.0,639.0,162.0,1448.2,1560.0,9.69,3.13,1.19,0.28,0.745,0.462,0.142,3.75,3.88,3.82,24.8
88,2018.0,Rays,90.0,72.0,52.0,715.0,162.0,1448.1,1421.0,8.83,3.11,1.02,0.278,0.733,0.439,0.115,3.75,3.82,3.98,16.4
89,2014.0,Yankees,84.0,78.0,48.0,637.0,162.0,1453.0,1370.0,8.49,2.47,1.02,0.298,0.733,0.43700000000000006,0.113,3.75,3.67,3.43,19.9
90,2018.0,Braves,90.0,72.0,40.0,715.0,162.0,1456.2,1423.0,8.79,3.92,0.95,0.278,0.741,0.433,0.11199999999999999,3.75,3.99,4.17,15.0
91,2018.0,Red Sox,108.0,54.0,46.0,697.0,162.0,1458.2,1558.0,9.61,3.16,1.09,0.294,0.758,0.424,0.11900000000000001,3.75,3.82,3.92,20.6
92,2012.0,Mariners,75.0,87.0,43.0,613.0,162.0,1456.2,1166.0,7.2,2.77,1.03,0.282,0.742,0.429,0.106,3.76,4.0,4.09,14.8
93,2012.0,Tigers,88.0,74.0,40.0,582.0,162.0,1430.2,1318.0,8.29,2.76,0.95,0.307,0.727,0.434,0.105,3.77,3.63,3.74,23.7
94,2018.0,Indians,91.0,71.0,41.0,670.0,162.0,1457.1,1544.0,9.54,2.51,1.24,0.298,0.76,0.425,0.13699999999999998,3.77,3.79,3.66,23.3
95,2018.0,Yankees,100.0,62.0,49.0,670.0,162.0,1456.1,1634.0,10.1,3.05,1.09,0.3,0.7390000000000001,0.429,0.129,3.78,3.63,3.61,26.6
96,2010.0,Rays,96.0,66.0,51.0,653.0,162.0,1453.2,1189.0,7.36,2.96,1.08,0.278,0.752,0.413,0.099,3.78,4.09,4.0,15.1
97,2013.0,Mets,74.0,88.0,40.0,697.0,162.0,1476.2,1209.0,7.37,2.79,0.93,0.295,0.7290000000000001,0.445,0.1,3.78,3.79,3.86,16.2
98,2011.0,Cardinals,90.0,72.0,47.0,630.0,162.0,1462.0,1098.0,6.76,2.76,0.84,0.296,0.716,0.47700000000000004,0.09300000000000001,3.79,3.75,3.79,13.7
99,2011.0,Rangers,96.0,66.0,38.0,579.0,162.0,1441.1,1179.0,7.36,2.88,1.06,0.278,0.725,0.426,0.107,3.79,3.98,3.83,17.9
100,2014.0,Marlins,77.0,85.0,42.0,649.0,162.0,1457.2,1190.0,7.35,2.83,0.7,0.31,0.7190000000000001,0.469,0.08,3.79,3.56,3.75,13.2
101,2016.0,Blue Jays,89.0,73.0,43.0,649.0,162.0,1459.1,1314.0,8.1,2.84,1.13,0.282,0.745,0.466,0.13,3.79,4.04,4.02,18.6
102,2013.0,Red Sox,97.0,65.0,33.0,612.0,162.0,1454.0,1294.0,8.01,3.24,0.97,0.294,0.745,0.429,0.102,3.79,3.84,3.89,16.0
103,2011.0,Diamondbacks,94.0,68.0,58.0,625.0,162.0,1443.1,1058.0,6.6,2.76,0.99,0.286,0.7390000000000001,0.419,0.095,3.8,4.02,4.05,13.8
104,2014.0,Phillies,73.0,89.0,40.0,623.0,162.0,1468.1,1255.0,7.69,3.19,0.82,0.295,0.722,0.46399999999999997,0.094,3.81,3.81,3.83,15.4
105,2015.0,Blue Jays,93.0,69.0,34.0,631.0,162.0,1441.0,1117.0,6.98,2.48,1.08,0.278,0.727,0.43700000000000006,0.11,3.81,4.09,4.14,14.4
106,2013.0,Indians,92.0,70.0,38.0,702.0,162.0,1441.1,1379.0,8.61,3.46,0.92,0.302,0.742,0.445,0.107,3.82,3.73,3.71,16.2
107,2008.0,Rays,97.0,65.0,52.0,610.0,162.0,1457.2,1143.0,7.06,3.25,1.02,0.277,0.74,0.408,0.09300000000000001,3.82,4.22,4.35,16.8
108,2018.0,Athletics,97.0,65.0,44.0,740.0,162.0,1465.2,1237.0,7.6,2.91,1.13,0.27,0.735,0.436,0.122,3.82,4.18,4.25,13.4
109,2013.0,Brewers,74.0,88.0,40.0,663.0,162.0,1442.2,1125.0,7.02,2.91,1.09,0.286,0.735,0.444,0.11900000000000001,3.84,4.12,3.94,10.1
110,2009.0,Cubs,83.0,78.0,40.0,641.0,161.0,1445.1,1272.0,7.92,3.65,1.0,0.285,0.7440000000000001,0.428,0.1,3.84,4.11,4.14,17.7
111,2018.0,Cardinals,88.0,74.0,43.0,727.0,162.0,1455.1,1337.0,8.27,3.67,0.89,0.293,0.73,0.446,0.105,3.85,3.97,4.24,14.8
112,2012.0,Yankees,95.0,67.0,51.0,647.0,162.0,1445.1,1318.0,8.21,2.68,1.18,0.296,0.7509999999999999,0.449,0.13,3.85,3.98,3.75,20.1
113,2016.0,Indians,94.0,67.0,37.0,665.0,161.0,1445.0,1398.0,8.71,2.87,1.16,0.289,0.7340000000000001,0.467,0.13699999999999998,3.86,3.91,3.8,19.0
114,2012.0,Phillies,81.0,81.0,42.0,602.0,162.0,1451.1,1385.0,8.59,2.54,1.1,0.298,0.7290000000000001,0.435,0.121,3.86,3.72,3.61,19.9
115,2008.0,Brewers,90.0,72.0,45.0,607.0,162.0,1455.2,1110.0,6.86,3.26,1.08,0.285,0.745,0.45399999999999996,0.11699999999999999,3.87,4.34,4.14,14.3
116,2008.0,Cubs,97.0,64.0,44.0,639.0,161.0,1450.2,1264.0,7.84,3.4,0.99,0.281,0.74,0.41600000000000004,0.098,3.87,4.09,4.14,19.9
117,2009.0,Mariners,85.0,77.0,49.0,572.0,162.0,1452.2,1043.0,6.46,3.31,1.07,0.272,0.7340000000000001,0.41200000000000003,0.09699999999999999,3.87,4.39,4.46,13.8
118,2017.0,Nationals,97.0,65.0,46.0,649.0,162.0,1446.2,1457.0,9.06,3.08,1.18,0.287,0.7440000000000001,0.44,0.128,3.88,3.99,4.12,20.8
119,2008.0,Phillies,92.0,70.0,47.0,630.0,162.0,1449.2,1081.0,6.71,3.31,0.99,0.292,0.748,0.44799999999999995,0.10800000000000001,3.89,4.3,4.21,16.5
120,2012.0,Orioles,93.0,69.0,55.0,654.0,162.0,1483.0,1177.0,7.14,2.92,1.12,0.285,0.738,0.447,0.11699999999999999,3.9,4.2,4.14,16.3
121,2012.0,Pirates,79.0,83.0,45.0,645.0,162.0,1433.1,1192.0,7.48,3.08,0.96,0.286,0.726,0.466,0.11,3.91,3.94,3.97,10.3
122,2011.0,Mariners,67.0,95.0,39.0,513.0,162.0,1433.0,1088.0,6.83,2.74,0.91,0.285,0.715,0.43799999999999994,0.091,3.91,3.84,3.92,15.0
123,2013.0,Diamondbacks,81.0,81.0,38.0,689.0,162.0,1495.0,1218.0,7.33,2.92,1.06,0.292,0.745,0.46,0.122,3.92,4.04,3.83,9.4
124,2014.0,Cubs,73.0,89.0,37.0,699.0,162.0,1463.1,1311.0,8.06,3.1,0.71,0.304,0.696,0.44,0.08,3.92,3.51,3.7,18.0
125,2010.0,Rangers,90.0,72.0,46.0,643.0,162.0,1455.1,1181.0,7.3,3.41,1.0,0.28,0.736,0.415,0.09300000000000001,3.93,4.17,4.19,18.8
126,2015.0,Angels,85.0,77.0,46.0,680.0,162.0,1440.2,1221.0,7.63,2.91,1.04,0.285,0.733,0.415,0.1,3.94,4.06,4.26,12.5
127,2012.0,Diamondbacks,81.0,81.0,39.0,623.0,162.0,1433.2,1200.0,7.53,2.62,0.97,0.301,0.72,0.461,0.11,3.94,3.81,3.84,16.4
128,2013.0,Yankees,85.0,77.0,49.0,590.0,162.0,1447.1,1233.0,7.67,2.72,1.06,0.302,0.746,0.44,0.115,3.94,3.89,3.76,17.6
129,2010.0,Mariners,61.0,101.0,38.0,520.0,162.0,1438.0,973.0,6.09,2.83,0.98,0.279,0.7140000000000001,0.434,0.09,3.95,4.17,4.23,12.7
130,2011.0,Marlins,72.0,90.0,40.0,670.0,162.0,1459.2,1218.0,7.51,3.08,0.92,0.292,0.715,0.446,0.096,3.95,3.79,3.8,13.3
131,2010.0,Twins,94.0,68.0,40.0,627.0,162.0,1452.2,1048.0,6.49,2.37,0.96,0.299,0.7340000000000001,0.447,0.092,3.95,3.91,3.93,17.8
132,2018.0,Giants,73.0,89.0,36.0,711.0,162.0,1461.1,1269.0,7.82,3.23,0.96,0.293,0.723,0.445,0.11,3.95,3.98,4.2,12.2
133,2017.0,Cubs,92.0,70.0,38.0,693.0,162.0,1447.1,1439.0,8.95,3.44,1.21,0.285,0.742,0.462,0.145,3.95,4.2,4.1,15.7
134,2013.0,Padres,76.0,86.0,40.0,650.0,162.0,1455.0,1171.0,7.24,3.25,0.96,0.292,0.725,0.45799999999999996,0.10800000000000001,3.98,4.0,3.96,8.1
135,2015.0,White Sox,76.0,86.0,37.0,576.0,162.0,1452.2,1359.0,8.42,2.94,1.0,0.311,0.7290000000000001,0.452,0.114,3.98,3.82,3.81,19.5
136,2017.0,Rays,80.0,82.0,53.0,673.0,162.0,1445.0,1352.0,8.42,3.13,1.2,0.283,0.73,0.43,0.128,3.99,4.17,4.29,15.3
137,2008.0,Diamondbacks,82.0,80.0,39.0,606.0,162.0,1434.2,1229.0,7.71,2.83,0.92,0.297,0.7090000000000001,0.45299999999999996,0.099,3.99,3.84,3.87,23.6
138,2013.0,White Sox,63.0,99.0,40.0,632.0,162.0,1455.0,1249.0,7.73,3.15,1.13,0.295,0.731,0.433,0.115,4.0,4.13,3.98,15.7
139,2013.0,Cubs,66.0,96.0,39.0,651.0,162.0,1448.0,1184.0,7.36,3.36,0.99,0.279,0.728,0.424,0.10300000000000001,4.0,4.1,4.13,9.0
140,2016.0,Mariners,86.0,76.0,49.0,638.0,162.0,1457.0,1318.0,8.14,2.84,1.32,0.292,0.7490000000000001,0.434,0.138,4.0,4.3,4.17,12.8
141,2017.0,Brewers,86.0,76.0,54.0,712.0,162.0,1445.2,1346.0,8.38,3.44,1.15,0.298,0.748,0.457,0.135,4.0,4.24,4.26,17.3
142,2013.0,Giants,76.0,86.0,41.0,686.0,162.0,1447.1,1256.0,7.81,3.24,0.9,0.295,0.721,0.42100000000000004,0.099,4.0,3.8,3.89,9.3
143,2008.0,Angels,100.0,62.0,66.0,545.0,162.0,1451.1,1106.0,6.86,2.83,0.99,0.296,0.73,0.44299999999999995,0.098,4.0,4.12,4.17,17.7
144,2016.0,Red Sox,93.0,69.0,43.0,625.0,162.0,1439.2,1362.0,8.51,3.06,1.1,0.293,0.7290000000000001,0.415,0.114,4.0,4.0,4.2,18.6
145,2014.0,Blue Jays,83.0,79.0,45.0,611.0,162.0,1443.0,1199.0,7.48,3.06,0.94,0.294,0.727,0.429,0.094,4.0,3.97,3.99,11.6
146,2018.0,Pirates,82.0,79.0,40.0,641.0,161.0,1434.0,1336.0,8.38,3.12,1.09,0.296,0.736,0.434,0.121,4.0,4.06,4.14,13.6
147,2014.0,Red Sox,71.0,91.0,36.0,655.0,162.0,1465.2,1213.0,7.45,2.96,0.95,0.301,0.718,0.436,0.099,4.01,3.93,3.87,12.1
148,2014.0,Tigers,90.0,72.0,41.0,635.0,162.0,1454.0,1244.0,7.7,2.86,0.79,0.312,0.7070000000000001,0.442,0.083,4.01,3.6,3.76,18.0
149,2008.0,Red Sox,95.0,67.0,47.0,628.0,162.0,1446.1,1185.0,7.37,3.41,0.91,0.289,0.726,0.435,0.092,4.01,4.09,4.23,17.5
150,2008.0,Athletics,75.0,86.0,33.0,602.0,161.0,1435.0,1061.0,6.65,3.61,0.85,0.287,0.722,0.41200000000000003,0.08,4.01,4.19,4.53,14.7
151,2010.0,Dodgers,80.0,82.0,41.0,637.0,162.0,1441.2,1274.0,7.95,3.36,0.84,0.287,0.7090000000000001,0.446,0.086,4.01,3.76,3.87,17.1
152,2012.0,Padres,76.0,86.0,43.0,691.0,162.0,1434.2,1205.0,7.56,3.38,1.02,0.284,0.718,0.475,0.11699999999999999,4.01,4.11,4.05,8.0
153,2017.0,Cardinals,83.0,79.0,43.0,708.0,162.0,1450.1,1351.0,8.38,3.06,1.14,0.298,0.736,0.46299999999999997,0.135,4.01,4.09,4.12,16.8
154,2012.0,Angels,89.0,73.0,38.0,606.0,162.0,1433.1,1157.0,7.26,3.03,1.17,0.277,0.726,0.439,0.121,4.02,4.26,4.15,8.9
155,2012.0,Rangers,93.0,69.0,43.0,590.0,162.0,1442.0,1286.0,8.03,2.78,1.09,0.292,0.715,0.439,0.11599999999999999,4.02,3.9,3.86,20.7
156,2010.0,Reds,91.0,71.0,43.0,664.0,162.0,1453.0,1130.0,7.0,3.25,0.98,0.288,0.736,0.429,0.094,4.02,4.12,4.13,14.5
157,2012.0,White Sox,85.0,77.0,37.0,628.0,162.0,1445.2,1246.0,7.76,3.13,1.16,0.288,0.752,0.42700000000000005,0.121,4.02,4.23,4.12,16.5
158,2015.0,Yankees,87.0,75.0,48.0,659.0,162.0,1457.2,1370.0,8.46,2.93,1.12,0.3,0.738,0.47,0.136,4.03,3.97,3.7,18.3
159,2015.0,Marlins,71.0,91.0,35.0,648.0,162.0,1427.0,1152.0,7.27,3.2,0.89,0.294,0.723,0.445,0.095,4.04,3.98,4.23,10.4
160,2018.0,Nationals,82.0,80.0,40.0,724.0,162.0,1446.0,1417.0,8.82,3.03,1.23,0.287,0.748,0.41200000000000003,0.128,4.04,4.15,4.13,14.6
161,2010.0,Angels,80.0,82.0,39.0,572.0,162.0,1449.1,1130.0,7.02,3.51,0.92,0.292,0.7290000000000001,0.426,0.085,4.04,4.11,4.24,13.5
162,2011.0,Tigers,95.0,67.0,52.0,583.0,162.0,1440.0,1115.0,6.97,3.08,0.93,0.292,0.7120000000000001,0.445,0.09300000000000001,4.04,3.96,4.0,16.0
163,2011.0,Pirates,72.0,90.0,43.0,711.0,162.0,1449.1,1031.0,6.4,3.32,0.94,0.3,0.737,0.456,0.098,4.05,4.2,4.18,5.8
164,2015.0,Diamondbacks,79.0,83.0,44.0,712.0,162.0,1466.2,1215.0,7.46,3.07,1.12,0.294,0.737,0.457,0.12300000000000001,4.05,4.21,4.09,9.0
165,2016.0,Marlins,79.0,82.0,55.0,720.0,161.0,1435.0,1379.0,8.65,3.73,0.95,0.303,0.74,0.43,0.109,4.05,3.97,4.21,14.6
166,2015.0,Orioles,81.0,81.0,43.0,615.0,162.0,1434.2,1233.0,7.73,3.03,1.09,0.298,0.736,0.452,0.12,4.05,4.11,4.04,15.5
167,2010.0,Yankees,95.0,67.0,39.0,592.0,162.0,1442.1,1154.0,7.2,3.37,1.12,0.281,0.74,0.439,0.107,4.06,4.34,4.15,14.6
168,2016.0,Astros,84.0,78.0,44.0,662.0,162.0,1468.0,1396.0,8.56,2.78,1.11,0.306,0.7340000000000001,0.452,0.126,4.06,3.85,3.87,19.5
169,2015.0,Twins,83.0,79.0,45.0,682.0,162.0,1443.0,1046.0,6.52,2.58,1.02,0.3,0.728,0.44,0.10400000000000001,4.07,4.1,4.23,14.5
170,2018.0,Mets,77.0,85.0,41.0,663.0,162.0,1460.2,1446.0,8.91,2.98,1.14,0.295,0.73,0.42100000000000004,0.122,4.07,3.97,4.03,16.9
171,2008.0,Mets,89.0,73.0,43.0,719.0,162.0,1464.1,1181.0,7.26,3.63,1.0,0.289,0.736,0.431,0.105,4.07,4.32,4.26,13.6
172,2016.0,Cardinals,86.0,76.0,38.0,643.0,162.0,1448.1,1290.0,8.02,2.95,0.99,0.304,0.718,0.495,0.128,4.08,3.88,3.88,17.4
173,2010.0,Astros,76.0,86.0,45.0,669.0,162.0,1439.1,1210.0,7.57,3.43,0.88,0.305,0.71,0.44299999999999995,0.08800000000000001,4.09,3.89,3.97,15.9
174,2012.0,Mets,74.0,88.0,36.0,667.0,162.0,1434.0,1240.0,7.78,3.06,1.01,0.29,0.711,0.426,0.105,4.09,3.93,4.04,15.3
175,2010.0,Marlins,80.0,82.0,39.0,643.0,162.0,1438.1,1168.0,7.31,3.44,0.84,0.301,0.713,0.436,0.081,4.09,3.92,4.11,14.6
176,2015.0,Padres,74.0,88.0,41.0,678.0,162.0,1440.1,1393.0,8.7,3.22,1.07,0.303,0.711,0.469,0.133,4.09,3.93,3.71,11.9
177,2010.0,White Sox,88.0,74.0,43.0,569.0,162.0,1446.1,1149.0,7.15,3.05,0.85,0.305,0.715,0.449,0.084,4.09,3.8,3.94,24.2
178,2016.0,Brewers,73.0,89.0,46.0,675.0,162.0,1434.1,1175.0,7.37,3.34,1.12,0.3,0.731,0.46,0.124,4.1,4.37,4.42,11.6
179,2011.0,White Sox,79.0,83.0,42.0,572.0,162.0,1460.0,1220.0,7.52,2.71,0.91,0.303,0.713,0.442,0.094,4.1,3.66,3.69,24.5
180,2012.0,Marlins,69.0,93.0,38.0,645.0,162.0,1440.2,1113.0,6.95,3.09,0.83,0.3,0.703,0.45,0.092,4.1,3.89,4.17,12.2
181,2008.0,White Sox,89.0,74.0,34.0,626.0,163.0,1457.2,1147.0,7.08,2.84,0.96,0.298,0.71,0.455,0.1,4.11,4.0,4.01,23.7
182,2016.0,White Sox,78.0,84.0,43.0,643.0,162.0,1446.2,1270.0,7.9,3.24,1.15,0.298,0.74,0.431,0.12,4.12,4.27,4.38,14.9
183,2017.0,Astros,101.0,61.0,45.0,681.0,162.0,1446.0,1593.0,9.91,3.25,1.2,0.3,0.737,0.473,0.149,4.12,3.91,3.77,20.2
184,2018.0,Mariners,89.0,73.0,60.0,699.0,162.0,1448.2,1328.0,8.25,2.49,1.21,0.295,0.725,0.425,0.127,4.13,4.05,4.06,16.8
185,2010.0,Nationals,69.0,93.0,37.0,656.0,162.0,1435.0,1068.0,6.7,3.21,0.95,0.297,0.708,0.445,0.094,4.13,4.12,4.13,12.1
186,2010.0,Rockies,83.0,79.0,35.0,675.0,162.0,1442.0,1234.0,7.7,3.28,0.87,0.302,0.708,0.465,0.096,4.14,3.83,3.8,20.9
187,2014.0,Astros,70.0,92.0,31.0,600.0,162.0,1438.2,1137.0,7.11,3.03,0.87,0.299,0.703,0.46399999999999997,0.096,4.14,3.93,3.91,10.9
188,2018.0,Phillies,80.0,82.0,44.0,758.0,162.0,1445.2,1465.0,9.12,3.11,1.06,0.303,0.71,0.45399999999999996,0.124,4.15,3.83,3.87,19.6
189,2018.0,Angels,80.0,82.0,35.0,763.0,162.0,1437.1,1386.0,8.68,3.42,1.28,0.294,0.741,0.42100000000000004,0.141,4.15,4.36,4.18,11.0
190,2009.0,White Sox,79.0,83.0,36.0,577.0,162.0,1439.2,1119.0,7.0,3.17,1.06,0.294,0.7170000000000001,0.44299999999999995,0.10300000000000001,4.16,4.21,4.19,20.5
191,2011.0,Reds,79.0,83.0,39.0,663.0,162.0,1467.2,1112.0,6.82,3.31,1.13,0.282,0.737,0.44799999999999995,0.115,4.16,4.37,4.11,7.3
192,2009.0,Phillies,93.0,69.0,44.0,621.0,162.0,1455.2,1153.0,7.13,3.02,1.17,0.296,0.75,0.408,0.11,4.16,4.36,4.22,13.3
193,2015.0,Athletics,68.0,94.0,28.0,649.0,162.0,1444.2,1179.0,7.34,2.95,1.07,0.289,0.71,0.45,0.114,4.16,4.13,4.13,11.5
194,2015.0,Mariners,76.0,86.0,45.0,671.0,162.0,1463.0,1283.0,7.89,3.02,1.11,0.298,0.728,0.46299999999999997,0.125,4.16,4.14,3.99,10.6
195,2016.0,Yankees,84.0,78.0,48.0,645.0,162.0,1428.1,1393.0,8.78,2.8,1.35,0.292,0.742,0.469,0.155,4.16,4.2,3.86,18.6
196,2008.0,Twins,88.0,75.0,42.0,648.0,163.0,1459.0,995.0,6.14,2.5,1.13,0.301,0.721,0.42,0.102,4.18,4.3,4.29,13.3
197,2009.0,Reds,78.0,84.0,41.0,640.0,162.0,1458.1,1069.0,6.6,3.56,1.16,0.283,0.7440000000000001,0.42100000000000004,0.109,4.18,4.63,4.5,10.7
198,2010.0,Red Sox,89.0,73.0,44.0,605.0,162.0,1456.2,1207.0,7.46,3.58,0.94,0.292,0.7090000000000001,0.436,0.09,4.19,4.08,4.13,15.5
199,2011.0,Mets,77.0,85.0,43.0,676.0,162.0,1448.0,1126.0,7.0,3.19,0.91,0.299,0.7120000000000001,0.461,0.094,4.19,4.0,4.04,10.3
200,2016.0,Rays,68.0,94.0,42.0,647.0,162.0,1426.1,1357.0,8.56,3.1,1.33,0.297,0.742,0.41,0.131,4.2,4.26,4.22,11.6
201,2017.0,Angels,80.0,82.0,43.0,705.0,162.0,1440.2,1312.0,8.2,2.94,1.4,0.289,0.7490000000000001,0.41600000000000004,0.141,4.2,4.43,4.37,12.6
202,2011.0,Red Sox,90.0,72.0,36.0,606.0,162.0,1457.1,1213.0,7.49,3.33,0.96,0.285,0.708,0.423,0.091,4.2,4.05,4.13,13.7
203,2013.0,Orioles,85.0,77.0,57.0,635.0,162.0,1453.0,1169.0,7.24,2.93,1.25,0.291,0.746,0.42200000000000004,0.129,4.2,4.33,3.99,10.7
204,2008.0,Cardinals,86.0,76.0,42.0,668.0,162.0,1454.0,957.0,5.92,3.07,1.01,0.295,0.7290000000000001,0.45299999999999996,0.10300000000000001,4.2,4.4,4.37,11.0
205,2016.0,Royals,81.0,81.0,41.0,634.0,162.0,1440.0,1287.0,8.04,3.23,1.29,0.298,0.754,0.44299999999999995,0.134,4.21,4.42,4.33,10.1
206,2016.0,Orioles,89.0,73.0,54.0,605.0,162.0,1432.0,1248.0,7.84,3.43,1.15,0.299,0.738,0.44799999999999995,0.126,4.22,4.31,4.34,15.4
207,2012.0,Brewers,83.0,79.0,44.0,674.0,162.0,1453.2,1402.0,8.68,3.25,1.05,0.313,0.721,0.43799999999999994,0.121,4.22,3.82,3.73,17.9
208,2016.0,Pirates,78.0,83.0,51.0,687.0,162.0,1450.2,1232.0,7.64,3.31,1.12,0.306,0.725,0.469,0.13,4.22,4.3,4.28,9.8
209,2017.0,Pirates,75.0,87.0,36.0,664.0,162.0,1440.2,1262.0,7.88,3.19,1.14,0.306,0.732,0.452,0.129,4.23,4.23,4.33,14.5
210,2010.0,Blue Jays,85.0,77.0,45.0,617.0,162.0,1440.2,1184.0,7.4,3.37,0.94,0.297,0.7120000000000001,0.457,0.095,4.23,4.04,4.03,16.5
211,2009.0,Rockies,92.0,70.0,45.0,646.0,162.0,1438.1,1154.0,7.22,3.3,0.88,0.299,0.713,0.473,0.099,4.24,3.96,3.99,21.2
212,2010.0,Cubs,75.0,87.0,40.0,644.0,162.0,1436.2,1268.0,7.94,3.79,0.96,0.298,0.7040000000000001,0.433,0.095,4.24,4.11,4.08,13.8
213,2016.0,Tigers,86.0,75.0,47.0,637.0,161.0,1428.0,1232.0,7.76,2.91,1.15,0.3,0.722,0.445,0.11699999999999999,4.24,4.16,4.31,17.1
214,2013.0,Angels,78.0,84.0,41.0,658.0,162.0,1457.2,1200.0,7.41,3.29,1.03,0.3,0.723,0.42100000000000004,0.10400000000000001,4.24,4.08,4.1,9.4
215,2011.0,Indians,80.0,82.0,38.0,645.0,162.0,1453.1,1024.0,6.34,2.87,0.95,0.293,0.695,0.45399999999999996,0.095,4.24,4.06,4.09,12.5
216,2015.0,Rangers,88.0,74.0,45.0,660.0,162.0,1442.2,1095.0,6.83,3.17,1.07,0.294,0.7240000000000001,0.442,0.11199999999999999,4.25,4.34,4.37,10.5
217,2014.0,Diamondbacks,64.0,98.0,35.0,650.0,162.0,1444.1,1278.0,7.96,2.92,0.96,0.312,0.703,0.461,0.111,4.26,3.83,3.63,10.5
218,2013.0,Blue Jays,74.0,88.0,39.0,649.0,162.0,1452.0,1208.0,7.49,3.1,1.21,0.293,0.723,0.44,0.12300000000000001,4.26,4.3,4.04,9.9
219,2009.0,Yankees,103.0,59.0,51.0,623.0,162.0,1450.0,1260.0,7.82,3.56,1.12,0.29,0.7190000000000001,0.423,0.111,4.28,4.32,4.17,19.2
220,2015.0,Brewers,68.0,94.0,40.0,658.0,162.0,1435.0,1260.0,7.9,3.24,1.1,0.303,0.721,0.461,0.127,4.28,4.17,4.0,10.9
221,2016.0,Angels,74.0,88.0,29.0,689.0,162.0,1421.1,1136.0,7.19,3.15,1.32,0.301,0.75,0.408,0.125,4.28,4.62,4.66,7.3
222,2008.0,Yankees,89.0,73.0,42.0,637.0,162.0,1441.2,1141.0,7.12,3.05,0.89,0.307,0.71,0.457,0.09300000000000001,4.28,3.96,4.08,19.9
223,2010.0,Tigers,81.0,81.0,32.0,578.0,162.0,1444.1,1056.0,6.58,3.35,0.88,0.296,0.706,0.43799999999999994,0.083,4.29,4.14,4.31,15.8
224,2009.0,Athletics,75.0,87.0,38.0,650.0,162.0,1447.1,1124.0,6.99,3.25,0.97,0.302,0.703,0.441,0.092,4.29,4.1,4.24,16.6
225,2010.0,Indians,69.0,93.0,34.0,632.0,162.0,1433.0,967.0,6.07,3.59,0.92,0.297,0.7140000000000001,0.479,0.09300000000000001,4.3,4.4,4.41,7.8
226,2014.0,White Sox,73.0,89.0,36.0,615.0,162.0,1441.0,1152.0,7.2,3.48,0.87,0.306,0.7040000000000001,0.461,0.094,4.3,4.1,4.11,11.0
227,2012.0,Royals,72.0,90.0,44.0,662.0,162.0,1451.1,1177.0,7.3,3.36,1.01,0.311,0.7240000000000001,0.43200000000000005,0.105,4.3,4.18,4.29,13.5
228,2009.0,Marlins,87.0,75.0,45.0,692.0,162.0,1446.1,1248.0,7.77,3.74,1.0,0.298,0.7070000000000001,0.433,0.099,4.32,4.15,4.18,13.9
229,2013.0,Mariners,71.0,91.0,43.0,610.0,162.0,1465.0,1297.0,7.97,2.94,1.07,0.303,0.7070000000000001,0.45299999999999996,0.11800000000000001,4.32,3.89,3.72,14.0
230,2011.0,Blue Jays,81.0,81.0,33.0,636.0,162.0,1458.2,1169.0,7.21,3.33,1.1,0.29,0.716,0.444,0.113,4.33,4.29,4.06,10.3
231,2018.0,Rockies,91.0,72.0,51.0,681.0,163.0,1452.1,1409.0,8.73,3.25,1.14,0.299,0.713,0.452,0.135,4.33,4.06,3.96,18.9
232,2013.0,Phillies,73.0,89.0,32.0,628.0,162.0,1436.1,1199.0,7.51,3.17,0.95,0.306,0.705,0.445,0.10099999999999999,4.34,3.94,4.0,12.9
233,2015.0,Red Sox,78.0,84.0,40.0,637.0,162.0,1448.1,1218.0,7.57,2.97,1.11,0.305,0.7170000000000001,0.441,0.11599999999999999,4.34,4.17,4.14,10.9
234,2009.0,Tigers,86.0,77.0,42.0,602.0,163.0,1447.0,1102.0,6.85,3.69,1.13,0.293,0.732,0.42700000000000005,0.106,4.34,4.53,4.45,13.5
235,2011.0,Cubs,71.0,91.0,40.0,657.0,162.0,1434.1,1224.0,7.68,3.64,1.02,0.301,0.713,0.43,0.10300000000000001,4.34,4.11,4.02,11.4
236,2015.0,Reds,64.0,98.0,35.0,683.0,162.0,1453.1,1252.0,7.75,3.37,1.1,0.297,0.7170000000000001,0.441,0.121,4.35,4.24,4.14,10.1
237,2009.0,Red Sox,95.0,67.0,41.0,625.0,162.0,1436.2,1230.0,7.71,3.32,1.05,0.309,0.73,0.409,0.094,4.35,4.14,4.25,17.8
238,2009.0,Rays,84.0,78.0,41.0,672.0,162.0,1427.1,1125.0,7.09,3.25,1.15,0.289,0.7120000000000001,0.415,0.105,4.36,4.37,4.3,13.4
239,2009.0,Padres,75.0,87.0,45.0,689.0,162.0,1450.2,1187.0,7.36,3.74,1.04,0.294,0.7090000000000001,0.435,0.10099999999999999,4.37,4.3,4.29,11.3
240,2008.0,Giants,72.0,90.0,41.0,640.0,162.0,1442.0,1240.0,7.74,4.07,0.92,0.3,0.7140000000000001,0.392,0.08800000000000001,4.38,4.24,4.44,14.8
241,2016.0,Rangers,95.0,67.0,56.0,641.0,162.0,1443.0,1154.0,7.2,3.33,1.25,0.292,0.728,0.455,0.135,4.38,4.58,4.49,11.5
242,2009.0,Rangers,87.0,75.0,45.0,598.0,162.0,1434.2,1016.0,6.37,3.33,1.07,0.288,0.721,0.425,0.1,4.38,4.49,4.5,15.8
243,2008.0,Astros,86.0,75.0,48.0,649.0,161.0,1425.1,1095.0,6.91,3.11,1.24,0.293,0.728,0.433,0.121,4.39,4.53,4.24,11.3
244,2008.0,Padres,63.0,99.0,30.0,653.0,162.0,1458.1,1100.0,6.79,3.46,1.02,0.294,0.7090000000000001,0.424,0.10099999999999999,4.41,4.33,4.33,12.2
245,2018.0,Padres,66.0,96.0,36.0,697.0,162.0,1457.0,1399.0,8.64,3.21,1.14,0.305,0.711,0.444,0.136,4.41,4.1,3.99,12.7
246,2015.0,Braves,67.0,95.0,44.0,694.0,162.0,1425.1,1148.0,7.25,3.47,1.07,0.305,0.7140000000000001,0.434,0.113,4.41,4.34,4.36,4.9
247,2017.0,Blue Jays,76.0,86.0,45.0,740.0,162.0,1465.0,1372.0,8.43,3.37,1.25,0.303,0.718,0.45399999999999996,0.133,4.42,4.31,4.36,16.2
248,2013.0,Rockies,74.0,88.0,35.0,665.0,162.0,1436.0,1064.0,6.67,3.24,0.85,0.314,0.7020000000000001,0.474,0.1,4.44,3.96,4.02,15.2
249,2011.0,Rockies,73.0,89.0,41.0,679.0,162.0,1447.2,1118.0,6.95,3.25,1.09,0.298,0.706,0.461,0.11599999999999999,4.44,4.24,3.98,12.2
250,2009.0,Diamondbacks,70.0,92.0,36.0,645.0,162.0,1447.2,1158.0,7.2,3.26,1.04,0.298,0.698,0.43200000000000005,0.10300000000000001,4.44,4.2,4.17,15.4
251,2008.0,Marlins,84.0,77.0,36.0,672.0,161.0,1435.1,1127.0,7.07,3.67,1.01,0.29,0.706,0.41700000000000004,0.098,4.44,4.37,4.42,13.1
252,2016.0,Padres,68.0,94.0,35.0,672.0,162.0,1440.0,1222.0,7.64,3.56,1.14,0.296,0.713,0.46399999999999997,0.126,4.44,4.4,4.42,9.4
253,2011.0,Royals,71.0,91.0,37.0,582.0,162.0,1451.1,1080.0,6.7,3.45,1.01,0.299,0.715,0.439,0.099,4.45,4.27,4.24,9.4
254,2009.0,Angels,97.0,65.0,51.0,596.0,162.0,1445.0,1062.0,6.61,3.26,1.12,0.301,0.7240000000000001,0.41700000000000004,0.10099999999999999,4.45,4.45,4.46,13.6
255,2017.0,Mariners,78.0,84.0,39.0,689.0,162.0,1440.1,1244.0,7.77,3.06,1.48,0.283,0.727,0.40299999999999997,0.141,4.46,4.7,4.64,9.8
256,2008.0,Indians,81.0,81.0,31.0,561.0,162.0,1437.0,986.0,6.18,2.78,1.06,0.301,0.7070000000000001,0.447,0.105,4.46,4.33,4.28,13.0
257,2009.0,Mets,70.0,92.0,39.0,673.0,162.0,1426.0,1031.0,6.51,3.89,1.0,0.292,0.718,0.425,0.091,4.46,4.5,4.66,8.6
258,2009.0,Blue Jays,75.0,87.0,25.0,607.0,162.0,1451.0,1181.0,7.33,3.42,1.12,0.308,0.722,0.45,0.11599999999999999,4.47,4.35,4.13,15.4
259,2008.0,Braves,72.0,90.0,26.0,707.0,162.0,1440.2,1076.0,6.72,3.66,0.97,0.293,0.6970000000000001,0.483,0.114,4.47,4.35,4.2,11.5
260,2014.0,Rangers,67.0,95.0,33.0,638.0,162.0,1426.1,1110.0,7.0,3.19,1.01,0.31,0.7040000000000001,0.395,0.09300000000000001,4.49,4.22,4.26,8.2
261,2009.0,Twins,87.0,76.0,48.0,643.0,163.0,1453.0,1052.0,6.52,2.89,1.15,0.301,0.72,0.409,0.09699999999999999,4.5,4.39,4.45,13.2
262,2017.0,Giants,64.0,98.0,32.0,664.0,162.0,1452.0,1234.0,7.65,3.07,1.13,0.308,0.711,0.425,0.115,4.5,4.22,4.53,11.4
263,2008.0,Royals,75.0,87.0,44.0,601.0,162.0,1445.2,1085.0,6.75,3.21,0.99,0.298,0.691,0.419,0.092,4.5,4.21,4.36,16.7
264,2018.0,Twins,78.0,84.0,37.0,728.0,162.0,1443.1,1377.0,8.59,3.57,1.23,0.302,0.7240000000000001,0.41600000000000004,0.132,4.5,4.39,4.33,12.5
265,2016.0,Braves,68.0,93.0,39.0,748.0,161.0,1447.2,1227.0,7.63,3.4,1.1,0.293,0.7020000000000001,0.447,0.11699999999999999,4.51,4.32,4.48,9.0
266,2012.0,Cubs,61.0,101.0,28.0,655.0,162.0,1413.2,1128.0,7.18,3.65,1.11,0.291,0.713,0.43200000000000005,0.11800000000000001,4.51,4.46,4.39,4.6
267,2011.0,Astros,56.0,106.0,25.0,665.0,162.0,1435.0,1191.0,7.47,3.51,1.18,0.301,0.708,0.43200000000000005,0.12,4.51,4.35,4.02,6.3
268,2017.0,Rockies,87.0,75.0,47.0,711.0,162.0,1437.2,1270.0,7.95,3.33,1.19,0.305,0.722,0.485,0.142,4.51,4.32,4.26,18.1
269,2016.0,Athletics,69.0,93.0,42.0,654.0,162.0,1433.1,1188.0,7.46,2.91,1.16,0.299,0.7070000000000001,0.462,0.125,4.51,4.24,4.28,11.7
270,2009.0,Astros,74.0,88.0,39.0,659.0,162.0,1430.0,1144.0,7.2,3.44,1.11,0.311,0.72,0.456,0.115,4.54,4.35,4.16,11.7
271,2008.0,Reds,74.0,88.0,34.0,669.0,162.0,1442.1,1227.0,7.66,3.48,1.25,0.312,0.725,0.42700000000000005,0.127,4.55,4.54,4.18,12.9
272,2013.0,Twins,66.0,96.0,40.0,673.0,162.0,1450.1,985.0,6.11,2.84,1.04,0.309,0.7020000000000001,0.43700000000000006,0.102,4.55,4.23,4.28,9.0
273,2012.0,Astros,55.0,107.0,31.0,703.0,162.0,1423.1,1170.0,7.4,3.41,1.09,0.306,0.7,0.479,0.122,4.57,4.27,4.15,9.2
274,2017.0,Phillies,66.0,96.0,33.0,668.0,162.0,1441.0,1309.0,8.18,3.29,1.38,0.304,0.73,0.429,0.141,4.57,4.56,4.5,11.8
275,2014.0,Twins,70.0,92.0,38.0,653.0,162.0,1435.0,1031.0,6.47,2.56,0.92,0.315,0.6890000000000001,0.418,0.086,4.58,3.97,4.12,11.2
276,2010.0,Brewers,77.0,85.0,35.0,657.0,162.0,1439.0,1258.0,7.87,3.64,1.08,0.308,0.7,0.418,0.10300000000000001,4.59,4.21,4.07,11.2
277,2010.0,Orioles,66.0,96.0,35.0,616.0,162.0,1436.1,1007.0,6.31,3.26,1.17,0.294,0.713,0.42100000000000004,0.102,4.59,4.57,4.44,11.1
278,2009.0,Pirates,62.0,99.0,28.0,617.0,161.0,1418.1,919.0,5.83,3.57,0.96,0.3,0.706,0.43799999999999994,0.091,4.59,4.48,4.63,8.7
279,2011.0,Twins,63.0,99.0,32.0,619.0,162.0,1421.2,940.0,5.95,3.04,1.02,0.307,0.691,0.44,0.095,4.6,4.3,4.33,8.0
280,2018.0,Tigers,64.0,98.0,37.0,704.0,162.0,1425.1,1215.0,7.67,3.1,1.36,0.291,0.705,0.396,0.129,4.6,4.59,4.55,8.8
281,2017.0,Twins,85.0,77.0,42.0,682.0,162.0,1436.0,1166.0,7.31,3.03,1.4,0.296,0.725,0.424,0.135,4.6,4.71,4.75,10.3
282,2017.0,Royals,80.0,82.0,39.0,700.0,162.0,1437.2,1216.0,7.61,3.25,1.23,0.303,0.7090000000000001,0.43700000000000006,0.12,4.63,4.43,4.68,12.5
283,2015.0,Tigers,74.0,87.0,35.0,666.0,161.0,1447.0,1100.0,6.84,3.04,1.2,0.298,0.6970000000000001,0.429,0.12,4.64,4.46,4.36,9.1
284,2016.0,Phillies,71.0,91.0,43.0,667.0,162.0,1437.0,1299.0,8.14,2.92,1.33,0.304,0.705,0.41,0.138,4.64,4.34,4.21,12.7
285,2012.0,Blue Jays,73.0,89.0,29.0,657.0,162.0,1443.2,1142.0,7.12,3.58,1.27,0.291,0.72,0.465,0.141,4.64,4.66,4.3,7.4
286,2018.0,Reds,67.0,95.0,38.0,706.0,162.0,1441.0,1258.0,7.86,3.32,1.42,0.3,0.715,0.444,0.158,4.65,4.68,4.28,6.2
287,2008.0,Nationals,59.0,102.0,28.0,678.0,161.0,1434.0,1063.0,6.67,3.69,1.19,0.296,0.701,0.424,0.11599999999999999,4.66,4.71,4.49,8.2
288,2017.0,Athletics,75.0,87.0,35.0,687.0,162.0,1431.0,1202.0,7.56,3.16,1.32,0.294,0.6890000000000001,0.449,0.139,4.67,4.57,4.54,9.7
289,2015.0,Phillies,63.0,99.0,35.0,665.0,162.0,1436.1,1153.0,7.22,3.06,1.2,0.316,0.711,0.44,0.122,4.69,4.4,4.29,8.4
290,2017.0,Padres,71.0,91.0,45.0,679.0,162.0,1430.2,1325.0,8.34,3.49,1.42,0.299,0.711,0.475,0.16399999999999998,4.7,4.68,4.34,8.2
291,2017.0,Rangers,78.0,84.0,29.0,626.0,162.0,1434.1,1107.0,6.95,3.51,1.34,0.289,0.7090000000000001,0.442,0.136,4.7,4.88,4.89,9.7
292,2017.0,Braves,72.0,90.0,36.0,692.0,162.0,1441.1,1258.0,7.86,3.65,1.2,0.302,0.701,0.445,0.125,4.72,4.51,4.67,9.8
293,2012.0,Red Sox,69.0,93.0,35.0,651.0,162.0,1443.0,1176.0,7.33,3.3,1.19,0.296,0.696,0.46399999999999997,0.132,4.72,4.41,4.16,7.0
294,2008.0,Mariners,61.0,101.0,36.0,631.0,162.0,1435.1,1016.0,6.37,3.93,1.01,0.307,0.7070000000000001,0.447,0.098,4.73,4.59,4.64,7.8
295,2018.0,Marlins,63.0,98.0,30.0,707.0,161.0,1442.0,1249.0,7.8,3.78,1.2,0.29,0.6990000000000001,0.409,0.121,4.76,4.57,4.65,3.4
296,2012.0,Twins,66.0,96.0,35.0,661.0,162.0,1438.2,943.0,5.9,2.91,1.24,0.294,0.6890000000000001,0.457,0.127,4.77,4.66,4.46,3.7
297,2008.0,Rockies,74.0,88.0,36.0,647.0,162.0,1446.0,1041.0,6.48,3.5,0.92,0.309,0.6859999999999999,0.46799999999999997,0.1,4.77,4.3,4.32,17.7
298,2017.0,White Sox,67.0,95.0,25.0,682.0,162.0,1421.2,1193.0,7.55,4.0,1.53,0.281,0.7240000000000001,0.419,0.147,4.78,5.17,5.01,3.4
299,2012.0,Indians,68.0,94.0,43.0,656.0,162.0,1442.0,1086.0,6.78,3.39,1.09,0.3,0.6759999999999999,0.45899999999999996,0.114,4.79,4.4,4.39,8.8
300,2013.0,Astros,51.0,111.0,32.0,610.0,162.0,1440.0,1084.0,6.78,3.85,1.19,0.303,0.7,0.439,0.11800000000000001,4.79,4.67,4.48,2.0
301,2010.0,Diamondbacks,65.0,97.0,35.0,616.0,162.0,1432.0,1070.0,6.72,3.44,1.32,0.296,0.701,0.418,0.12,4.81,4.76,4.35,3.5
302,2017.0,Marlins,77.0,85.0,34.0,742.0,162.0,1442.2,1202.0,7.5,3.91,1.2,0.298,0.7070000000000001,0.425,0.122,4.82,4.69,4.9,6.0
303,2009.0,Royals,65.0,97.0,34.0,588.0,162.0,1426.0,1153.0,7.28,3.79,1.05,0.307,0.68,0.43799999999999994,0.1,4.83,4.36,4.38,14.5
304,2009.0,Brewers,80.0,82.0,44.0,674.0,162.0,1435.0,1104.0,6.92,3.81,1.3,0.295,0.7190000000000001,0.426,0.12,4.84,4.84,4.54,5.4
305,2018.0,White Sox,62.0,100.0,34.0,715.0,162.0,1437.0,1259.0,7.89,4.09,1.23,0.292,0.6940000000000001,0.408,0.11699999999999999,4.85,4.73,4.88,7.3
306,2018.0,Blue Jays,73.0,89.0,39.0,752.0,162.0,1433.2,1298.0,8.15,3.46,1.31,0.306,0.7,0.425,0.127,4.85,4.53,4.54,9.6
307,2014.0,Rockies,66.0,96.0,24.0,709.0,162.0,1431.0,1074.0,6.75,3.34,1.09,0.307,0.6920000000000001,0.47700000000000004,0.127,4.86,4.43,4.04,5.7
308,2008.0,Tigers,74.0,88.0,34.0,602.0,162.0,1445.0,991.0,6.17,4.01,1.07,0.302,0.6940000000000001,0.42,0.09699999999999999,4.91,4.79,4.86,6.8
309,2016.0,Reds,68.0,94.0,28.0,646.0,162.0,1442.0,1241.0,7.75,3.97,1.61,0.29,0.728,0.41600000000000004,0.159,4.91,5.24,4.79,-1.0
310,2016.0,Rockies,75.0,87.0,37.0,695.0,162.0,1429.1,1223.0,7.7,3.44,1.14,0.317,0.68,0.491,0.141,4.92,4.38,4.23,13.4
311,2011.0,Orioles,69.0,93.0,32.0,640.0,162.0,1446.2,1044.0,6.49,3.33,1.31,0.302,0.695,0.431,0.121,4.92,4.67,4.29,6.3
312,2018.0,Rangers,67.0,95.0,42.0,668.0,162.0,1431.0,1121.0,7.05,3.09,1.4,0.299,0.696,0.43,0.141,4.92,4.79,4.59,8.1
313,2018.0,Royals,58.0,104.0,33.0,645.0,162.0,1432.0,1157.0,7.27,3.45,1.29,0.309,0.706,0.431,0.13,4.95,4.66,4.63,5.1
314,2017.0,Orioles,75.0,87.0,35.0,654.0,162.0,1441.0,1233.0,7.7,3.62,1.51,0.302,0.722,0.446,0.154,4.97,4.96,4.72,7.8
315,2010.0,Royals,67.0,95.0,44.0,603.0,162.0,1436.2,1035.0,6.48,3.45,1.1,0.304,0.6859999999999999,0.425,0.098,4.97,4.48,4.41,8.2
316,2010.0,Pirates,57.0,105.0,31.0,679.0,162.0,1411.2,1026.0,6.54,3.43,1.06,0.311,0.674,0.44,0.1,5.0,4.45,4.35,4.7
317,2017.0,Mets,70.0,92.0,34.0,730.0,162.0,1434.2,1374.0,8.62,3.72,1.38,0.319,0.705,0.444,0.149,5.01,4.59,4.42,9.1
318,2009.0,Nationals,59.0,103.0,33.0,694.0,162.0,1424.1,911.0,5.76,3.97,1.09,0.296,0.679,0.444,0.10300000000000001,5.02,4.82,4.8,4.8
319,2015.0,Rockies,68.0,94.0,36.0,746.0,162.0,1426.1,1112.0,7.02,3.65,1.15,0.318,0.6990000000000001,0.47700000000000004,0.132,5.04,4.56,4.33,6.3
320,2009.0,Indians,65.0,97.0,25.0,607.0,162.0,1434.0,986.0,6.19,3.75,1.15,0.305,0.6890000000000001,0.431,0.10300000000000001,5.07,4.73,4.69,7.9
321,2016.0,Twins,59.0,103.0,26.0,695.0,162.0,1443.0,1191.0,7.43,2.99,1.38,0.319,0.6829999999999999,0.43,0.139,5.09,4.57,4.42,8.9
322,2016.0,Diamondbacks,69.0,93.0,31.0,737.0,162.0,1451.1,1318.0,8.17,3.74,1.25,0.32,0.687,0.46,0.141,5.09,4.5,4.34,8.9
323,2008.0,Pirates,67.0,95.0,34.0,659.0,162.0,1455.0,963.0,5.96,4.06,1.09,0.311,0.695,0.44,0.10800000000000001,5.1,4.84,4.74,4.4
324,2008.0,Orioles,68.0,93.0,35.0,653.0,161.0,1422.0,922.0,5.84,4.35,1.16,0.298,0.701,0.446,0.107,5.15,5.14,5.04,3.7
325,2009.0,Orioles,64.0,98.0,31.0,646.0,162.0,1429.0,933.0,5.88,3.44,1.37,0.307,0.703,0.41700000000000004,0.11599999999999999,5.16,5.03,4.78,7.7
326,2017.0,Reds,68.0,94.0,33.0,666.0,162.0,1430.0,1300.0,8.18,3.97,1.56,0.296,0.711,0.446,0.168,5.17,5.08,4.66,4.0
327,2018.0,Orioles,47.0,115.0,28.0,652.0,162.0,1431.0,1203.0,7.57,3.7,1.47,0.31,0.7,0.419,0.14400000000000002,5.19,4.98,4.73,5.4
328,2012.0,Rockies,64.0,98.0,36.0,737.0,162.0,1422.0,1144.0,7.24,3.58,1.25,0.325,0.6890000000000001,0.452,0.13699999999999998,5.22,4.59,4.28,7.0
329,2017.0,Tigers,64.0,98.0,32.0,672.0,162.0,1420.1,1202.0,7.62,3.41,1.38,0.32,0.687,0.39399999999999996,0.128,5.36,4.73,4.87,10.2
330,2008.0,Rangers,79.0,83.0,36.0,619.0,162.0,1442.0,963.0,6.01,3.9,1.1,0.315,0.657,0.43200000000000005,0.102,5.37,4.83,4.82,6.8
