,Season,Team,G,PA,HR,R,RBI,SB,BB%,K%,ISO,BABIP,AVG,OBP,SLG,wOBA,wRC+,BsR,Off,Def,WAR
1,2011.0,Red Sox,2269.0,6414.0,203.0,875.0,842.0,102.0,0.09,0.17300000000000001,0.181,0.314,0.28,0.349,0.461,0.352,117.0,-12.2,114.3,21.1,36.2
2,2016.0,Cubs,2194.0,6335.0,199.0,808.0,767.0,66.0,0.10400000000000001,0.21100000000000002,0.173,0.302,0.256,0.343,0.429,0.333,106.0,17.3,61.3,89.6,36.1
3,2015.0,Blue Jays,2337.0,6231.0,232.0,891.0,852.0,88.0,0.091,0.185,0.188,0.298,0.269,0.34,0.457,0.344,117.0,11.0,135.9,-0.4,35.8
4,2013.0,Red Sox,2264.0,6382.0,178.0,853.0,819.0,123.0,0.091,0.205,0.169,0.329,0.277,0.349,0.446,0.347,114.0,13.3,116.7,9.8,35.8
5,2016.0,Red Sox,1823.0,6320.0,208.0,878.0,836.0,83.0,0.08800000000000001,0.184,0.179,0.32,0.282,0.348,0.461,0.346,113.0,10.6,109.9,18.0,34.8
6,2012.0,Angels,2267.0,6121.0,187.0,767.0,732.0,134.0,0.073,0.182,0.159,0.311,0.274,0.332,0.433,0.331,113.0,13.5,109.8,20.7,34.8
7,2011.0,Rangers,2186.0,6261.0,210.0,855.0,807.0,143.0,0.076,0.149,0.177,0.304,0.283,0.34,0.46,0.347,112.0,20.6,107.4,17.2,34.6
8,2010.0,Reds,2370.0,6285.0,188.0,790.0,761.0,93.0,0.083,0.19399999999999998,0.164,0.314,0.272,0.338,0.436,0.34,106.0,12.7,57.2,80.5,34.5
9,2009.0,Rays,2345.0,6223.0,199.0,803.0,765.0,194.0,0.10300000000000001,0.19699999999999998,0.177,0.303,0.263,0.343,0.439,0.342,109.0,21.6,90.5,31.6,33.5
10,2008.0,Red Sox,2293.0,6402.0,173.0,845.0,807.0,120.0,0.10099999999999999,0.16699999999999998,0.168,0.315,0.28,0.358,0.447,0.351,110.0,-4.7,72.2,43.3,33.4
11,2009.0,Yankees,2369.0,6449.0,244.0,915.0,881.0,111.0,0.10300000000000001,0.157,0.194,0.306,0.283,0.362,0.478,0.365,117.0,0.2,137.5,-24.8,33.3
12,2017.0,Astros,2313.0,6271.0,238.0,896.0,854.0,98.0,0.081,0.17300000000000001,0.196,0.309,0.282,0.346,0.478,0.349,122.0,-0.4,167.9,-49.9,33.3
13,2014.0,Dodgers,2364.0,6231.0,134.0,718.0,686.0,138.0,0.083,0.2,0.14,0.318,0.265,0.333,0.406,0.327,112.0,-0.4,81.4,33.5,33.2
14,2018.0,Dodgers,2574.0,6358.0,235.0,804.0,756.0,75.0,0.102,0.226,0.191,0.294,0.25,0.333,0.442,0.333,111.0,11.4,99.0,20.5,33.0
15,2011.0,Yankees,2301.0,6306.0,222.0,867.0,836.0,147.0,0.099,0.18,0.181,0.292,0.263,0.343,0.444,0.345,113.0,6.6,101.6,6.3,33.0
16,2008.0,Cardinals,2396.0,6370.0,174.0,779.0,744.0,73.0,0.091,0.155,0.152,0.312,0.281,0.35,0.433,0.342,107.0,-10.0,46.4,72.3,32.4
17,2010.0,Yankees,2313.0,6379.0,201.0,859.0,823.0,103.0,0.10400000000000001,0.17800000000000002,0.169,0.3,0.267,0.35,0.436,0.346,112.0,12.1,101.5,-8.1,32.3
18,2009.0,Phillies,2285.0,6338.0,224.0,820.0,788.0,119.0,0.09300000000000001,0.182,0.189,0.286,0.258,0.334,0.447,0.339,103.0,20.0,42.5,68.9,31.5
19,2008.0,Phillies,2396.0,6273.0,214.0,799.0,762.0,136.0,0.09300000000000001,0.17800000000000002,0.182,0.283,0.255,0.332,0.438,0.334,98.0,23.6,4.7,107.5,31.4
20,2010.0,Rays,2361.0,6270.0,160.0,802.0,769.0,172.0,0.107,0.20600000000000002,0.156,0.293,0.247,0.333,0.403,0.326,106.0,37.6,78.6,8.7,31.3
21,2008.0,Rays,2299.0,6312.0,180.0,774.0,735.0,142.0,0.099,0.19399999999999998,0.162,0.302,0.26,0.34,0.422,0.335,105.0,5.6,43.8,52.0,31.1
22,2018.0,Athletics,2403.0,6255.0,227.0,813.0,778.0,35.0,0.08800000000000001,0.221,0.187,0.294,0.252,0.325,0.439,0.329,110.0,-5.8,70.1,25.8,31.1
23,2008.0,Cubs,2345.0,6384.0,184.0,855.0,811.0,87.0,0.1,0.18600000000000003,0.165,0.321,0.278,0.354,0.443,0.349,104.0,6.1,33.2,70.9,31.0
24,2017.0,Dodgers,2464.0,6191.0,221.0,770.0,730.0,77.0,0.105,0.223,0.188,0.293,0.249,0.334,0.437,0.33,104.0,5.8,40.6,64.3,30.4
25,2012.0,Yankees,2367.0,6231.0,245.0,804.0,774.0,93.0,0.091,0.18899999999999997,0.188,0.293,0.265,0.337,0.453,0.342,113.0,2.3,97.3,-17.1,29.9
26,2018.0,Red Sox,2345.0,6302.0,208.0,876.0,829.0,125.0,0.09,0.19899999999999998,0.185,0.309,0.268,0.339,0.453,0.34,110.0,-5.1,71.9,8.1,29.6
27,2014.0,Pirates,2362.0,6224.0,156.0,682.0,659.0,104.0,0.084,0.2,0.145,0.307,0.259,0.33,0.404,0.325,108.0,3.8,61.6,19.3,29.5
28,2018.0,Yankees,2269.0,6271.0,267.0,851.0,821.0,63.0,0.1,0.22699999999999998,0.202,0.285,0.249,0.329,0.451,0.335,111.0,14.6,93.6,-14.7,29.4
29,2011.0,Rays,2284.0,6152.0,172.0,707.0,674.0,155.0,0.09300000000000001,0.19399999999999998,0.159,0.281,0.244,0.322,0.402,0.319,103.0,10.4,35.1,43.7,29.4
30,2014.0,Angels,2468.0,6284.0,155.0,773.0,729.0,81.0,0.078,0.201,0.147,0.305,0.259,0.322,0.406,0.321,110.0,1.3,67.3,1.9,29.3
31,2011.0,Diamondbacks,2230.0,6096.0,172.0,731.0,702.0,133.0,0.087,0.205,0.163,0.294,0.25,0.322,0.413,0.322,97.0,9.0,-14.8,99.4,29.0
32,2011.0,Reds,2358.0,6329.0,183.0,735.0,697.0,97.0,0.085,0.198,0.152,0.297,0.256,0.326,0.408,0.322,99.0,8.7,3.6,71.0,28.7
33,2009.0,Angels,2246.0,6305.0,173.0,883.0,841.0,148.0,0.087,0.16699999999999998,0.156,0.322,0.285,0.35,0.441,0.346,108.0,8.6,75.5,-4.5,28.7
34,2015.0,Giants,2342.0,6153.0,136.0,696.0,663.0,93.0,0.07400000000000001,0.188,0.139,0.313,0.267,0.326,0.406,0.318,104.0,-0.4,25.6,52.3,28.6
35,2008.0,Mets,2405.0,6388.0,172.0,799.0,751.0,138.0,0.09699999999999999,0.16,0.154,0.296,0.266,0.34,0.42,0.332,100.0,12.7,13.4,66.1,28.6
36,2011.0,Cardinals,2403.0,6242.0,162.0,762.0,726.0,57.0,0.087,0.157,0.151,0.305,0.273,0.341,0.425,0.334,112.0,-16.5,72.3,2.7,28.4
37,2017.0,Yankees,2294.0,6354.0,241.0,858.0,821.0,90.0,0.09699999999999999,0.218,0.185,0.304,0.262,0.339,0.447,0.336,108.0,11.1,70.3,-6.9,28.1
38,2017.0,Marlins,2399.0,6248.0,194.0,778.0,743.0,91.0,0.078,0.205,0.163,0.313,0.267,0.331,0.431,0.325,102.0,1.4,13.7,63.5,27.9
39,2012.0,Giants,2384.0,6200.0,103.0,718.0,675.0,118.0,0.078,0.177,0.128,0.315,0.269,0.327,0.397,0.314,101.0,13.0,22.4,48.3,27.6
40,2017.0,Cubs,2420.0,6283.0,223.0,822.0,785.0,62.0,0.099,0.223,0.182,0.302,0.255,0.338,0.437,0.331,101.0,-6.8,4.2,68.1,27.5
41,2012.0,Cardinals,2391.0,6326.0,159.0,765.0,732.0,91.0,0.084,0.188,0.15,0.316,0.271,0.338,0.421,0.329,106.0,-1.6,46.5,18.6,27.4
42,2018.0,Cubs,2490.0,6369.0,167.0,761.0,722.0,66.0,0.09,0.218,0.152,0.313,0.258,0.333,0.41,0.321,100.0,2.2,-1.6,63.9,27.2
43,2015.0,Dodgers,2379.0,6090.0,187.0,667.0,638.0,59.0,0.092,0.207,0.163,0.292,0.25,0.326,0.413,0.322,106.0,-15.3,28.2,38.1,27.2
44,2018.0,Indians,2413.0,6300.0,216.0,818.0,786.0,135.0,0.08800000000000001,0.18899999999999997,0.176,0.291,0.259,0.332,0.434,0.33,104.0,13.7,46.5,8.6,27.0
45,2013.0,Tigers,2274.0,6388.0,176.0,796.0,767.0,35.0,0.083,0.168,0.151,0.32,0.283,0.346,0.434,0.341,114.0,-19.0,83.7,-39.6,27.0
46,2011.0,Brewers,2292.0,6113.0,185.0,721.0,693.0,94.0,0.079,0.177,0.164,0.293,0.261,0.325,0.425,0.327,103.0,0.3,20.6,43.4,26.9
47,2010.0,Brewers,2262.0,6304.0,182.0,750.0,710.0,81.0,0.087,0.193,0.161,0.304,0.262,0.335,0.424,0.334,104.0,0.6,32.4,30.3,26.8
48,2014.0,Nationals,2265.0,6216.0,152.0,686.0,635.0,101.0,0.083,0.21,0.14,0.303,0.253,0.321,0.393,0.317,99.0,15.3,8.4,48.0,26.8
49,2014.0,Orioles,2294.0,6130.0,211.0,705.0,681.0,44.0,0.065,0.21,0.166,0.296,0.256,0.311,0.422,0.323,104.0,-6.2,21.9,28.4,26.7
50,2018.0,Brewers,2496.0,6210.0,218.0,754.0,711.0,124.0,0.086,0.235,0.172,0.302,0.252,0.323,0.424,0.322,99.0,8.2,1.0,61.2,26.6
51,2010.0,Twins,2290.0,6257.0,142.0,781.0,749.0,68.0,0.08900000000000001,0.155,0.148,0.306,0.273,0.341,0.422,0.335,106.0,-15.8,29.5,13.7,26.6
52,2014.0,Tigers,2330.0,6202.0,155.0,757.0,731.0,106.0,0.071,0.184,0.15,0.319,0.277,0.331,0.426,0.331,112.0,-7.3,73.0,-26.9,26.5
53,2010.0,Giants,2354.0,6143.0,162.0,697.0,660.0,55.0,0.079,0.179,0.151,0.293,0.257,0.321,0.408,0.32,98.0,-18.3,-31.6,94.2,26.3
54,2013.0,Dodgers,2336.0,6145.0,138.0,649.0,618.0,78.0,0.077,0.18600000000000003,0.133,0.308,0.264,0.326,0.396,0.317,103.0,-8.0,14.7,41.2,26.0
55,2013.0,Orioles,2246.0,6144.0,212.0,745.0,719.0,79.0,0.068,0.183,0.171,0.288,0.26,0.313,0.431,0.323,101.0,13.8,16.4,26.8,26.0
56,2013.0,Athletics,2313.0,6209.0,186.0,767.0,725.0,74.0,0.092,0.19,0.165,0.289,0.254,0.327,0.419,0.327,108.0,10.0,66.2,-26.3,25.9
57,2013.0,Rays,2423.0,6242.0,165.0,700.0,670.0,73.0,0.094,0.188,0.151,0.295,0.257,0.329,0.408,0.324,107.0,2.5,50.1,-11.9,25.8
58,2009.0,Dodgers,2352.0,6385.0,145.0,780.0,739.0,116.0,0.095,0.16699999999999998,0.141,0.309,0.27,0.346,0.412,0.332,102.0,4.0,18.7,34.1,25.8
59,2018.0,Braves,2377.0,6251.0,175.0,759.0,717.0,90.0,0.08199999999999999,0.20600000000000002,0.161,0.302,0.257,0.324,0.417,0.319,97.0,12.6,-13.2,65.3,25.7
60,2017.0,Indians,2367.0,6234.0,212.0,818.0,780.0,88.0,0.09699999999999999,0.185,0.186,0.295,0.263,0.339,0.449,0.336,105.0,11.1,49.7,-6.3,25.7
61,2008.0,Rangers,2281.0,6478.0,194.0,901.0,867.0,81.0,0.092,0.18600000000000003,0.179,0.325,0.283,0.354,0.462,0.355,112.0,11.1,108.1,-73.4,25.6
62,2012.0,Brewers,2415.0,6224.0,202.0,776.0,741.0,158.0,0.075,0.19899999999999998,0.177,0.299,0.259,0.325,0.437,0.329,102.0,12.1,29.5,19.6,25.4
63,2013.0,Braves,2293.0,6133.0,181.0,688.0,656.0,64.0,0.08800000000000001,0.226,0.153,0.3,0.249,0.321,0.402,0.318,102.0,-5.7,3.8,45.9,25.3
64,2017.0,Nationals,2322.0,6214.0,215.0,819.0,796.0,108.0,0.087,0.214,0.183,0.311,0.266,0.332,0.449,0.331,99.0,11.9,5.0,47.5,25.3
65,2008.0,Brewers,2227.0,6252.0,198.0,750.0,722.0,108.0,0.08800000000000001,0.192,0.179,0.287,0.253,0.325,0.431,0.329,97.0,8.9,-11.7,61.6,25.2
66,2018.0,Cardinals,2464.0,6200.0,205.0,759.0,725.0,63.0,0.085,0.223,0.16,0.294,0.249,0.321,0.409,0.316,98.0,12.9,-1.1,48.3,25.1
67,2010.0,Tigers,2274.0,6312.0,152.0,751.0,717.0,69.0,0.087,0.182,0.147,0.311,0.268,0.335,0.415,0.33,102.0,9.7,23.9,2.2,25.1
68,2013.0,Giants,2396.0,6168.0,107.0,629.0,596.0,67.0,0.076,0.175,0.121,0.304,0.26,0.32,0.381,0.309,100.0,-4.1,-1.7,46.6,24.9
69,2018.0,Nationals,2441.0,6288.0,191.0,771.0,737.0,119.0,0.1,0.205,0.164,0.297,0.254,0.335,0.419,0.325,101.0,8.4,14.0,28.9,24.9
70,2009.0,Brewers,2321.0,6296.0,182.0,785.0,757.0,68.0,0.09699999999999999,0.196,0.164,0.305,0.263,0.341,0.426,0.336,103.0,-9.6,10.2,36.5,24.9
71,2018.0,Astros,2348.0,6146.0,205.0,797.0,763.0,71.0,0.092,0.195,0.17,0.289,0.255,0.329,0.425,0.327,110.0,-7.0,65.1,-26.1,24.8
72,2017.0,Cardinals,2416.0,6219.0,196.0,761.0,728.0,81.0,0.095,0.217,0.17,0.304,0.256,0.334,0.426,0.326,100.0,2.0,-1.4,49.0,24.8
73,2014.0,Blue Jays,2397.0,6167.0,177.0,723.0,690.0,78.0,0.081,0.187,0.155,0.295,0.259,0.323,0.414,0.325,107.0,0.0,44.9,-13.4,24.7
74,2015.0,Astros,2333.0,6073.0,230.0,729.0,691.0,121.0,0.08,0.22899999999999998,0.187,0.292,0.25,0.315,0.437,0.325,108.0,8.1,66.8,-30.8,24.7
75,2017.0,Twins,2324.0,6261.0,206.0,815.0,781.0,95.0,0.095,0.214,0.174,0.306,0.26,0.334,0.434,0.329,102.0,14.4,30.6,0.9,24.6
76,2009.0,Red Sox,2317.0,6344.0,212.0,872.0,822.0,126.0,0.10400000000000001,0.177,0.184,0.301,0.27,0.352,0.454,0.351,106.0,-7.7,40.7,-13.2,24.5
77,2018.0,Angels,2467.0,6108.0,214.0,721.0,690.0,89.0,0.084,0.213,0.171,0.277,0.242,0.313,0.413,0.313,100.0,2.8,5.4,31.0,24.4
78,2010.0,Red Sox,2327.0,6356.0,211.0,818.0,782.0,68.0,0.092,0.179,0.183,0.299,0.268,0.339,0.451,0.345,109.0,-7.2,59.7,-41.3,24.4
79,2015.0,Cubs,2406.0,6200.0,171.0,689.0,657.0,95.0,0.091,0.245,0.154,0.305,0.244,0.321,0.398,0.313,96.0,15.1,-15.8,52.7,24.4
80,2010.0,Phillies,2277.0,6291.0,166.0,772.0,736.0,108.0,0.08900000000000001,0.16899999999999998,0.153,0.292,0.26,0.332,0.413,0.327,99.0,13.3,5.5,33.5,24.3
81,2012.0,Nationals,2338.0,6221.0,194.0,731.0,688.0,105.0,0.077,0.213,0.166,0.308,0.261,0.322,0.428,0.324,101.0,-4.1,4.7,34.2,24.3
82,2012.0,Rangers,2236.0,6216.0,200.0,808.0,780.0,91.0,0.077,0.177,0.173,0.306,0.273,0.334,0.446,0.336,106.0,-5.8,39.5,-12.8,24.3
83,2013.0,Cardinals,2341.0,6202.0,125.0,783.0,745.0,45.0,0.078,0.179,0.133,0.314,0.269,0.332,0.401,0.322,104.0,-9.1,21.0,15.2,24.1
84,2008.0,Indians,2199.0,6299.0,171.0,805.0,772.0,77.0,0.08900000000000001,0.193,0.162,0.305,0.262,0.339,0.424,0.334,103.0,0.7,24.6,-0.4,23.9
85,2018.0,Rays,2371.0,6195.0,150.0,716.0,664.0,128.0,0.087,0.22399999999999998,0.148,0.317,0.258,0.333,0.406,0.322,105.0,-0.3,39.8,-11.6,23.9
86,2012.0,Braves,2264.0,6126.0,149.0,700.0,660.0,101.0,0.09300000000000001,0.21,0.142,0.296,0.247,0.32,0.389,0.31,92.0,7.2,-48.9,86.1,23.8
87,2016.0,Giants,2069.0,6271.0,130.0,715.0,675.0,79.0,0.091,0.177,0.14,0.299,0.258,0.329,0.398,0.315,96.0,-2.8,-34.8,67.3,23.8
88,2008.0,Astros,2312.0,6051.0,167.0,712.0,684.0,114.0,0.07400000000000001,0.174,0.152,0.296,0.263,0.323,0.415,0.322,94.0,0.4,-49.2,90.4,23.7
89,2016.0,Indians,1842.0,6155.0,185.0,777.0,733.0,134.0,0.086,0.20199999999999999,0.168,0.304,0.262,0.329,0.43,0.326,100.0,15.8,14.1,9.4,23.6
90,2013.0,Reds,2286.0,6293.0,155.0,698.0,664.0,67.0,0.09300000000000001,0.198,0.142,0.293,0.249,0.327,0.391,0.316,96.0,-2.0,-32.9,61.2,23.5
91,2016.0,Dodgers,2129.0,6164.0,189.0,725.0,680.0,45.0,0.085,0.214,0.16,0.294,0.249,0.319,0.409,0.314,97.0,2.0,-20.2,51.4,23.3
92,2015.0,Diamondbacks,2393.0,6276.0,154.0,720.0,680.0,132.0,0.078,0.209,0.15,0.316,0.264,0.324,0.414,0.319,95.0,12.5,-23.3,47.1,23.3
93,2011.0,Tigers,2309.0,6231.0,169.0,787.0,750.0,49.0,0.084,0.183,0.157,0.318,0.277,0.34,0.434,0.337,109.0,-15.2,48.5,-30.2,23.2
94,2014.0,Giants,2353.0,6087.0,132.0,665.0,636.0,56.0,0.07,0.205,0.133,0.304,0.255,0.311,0.388,0.308,99.0,0.5,-5.1,33.2,23.2
95,2014.0,Athletics,2358.0,6245.0,146.0,729.0,686.0,83.0,0.094,0.177,0.137,0.278,0.244,0.32,0.381,0.312,102.0,11.0,27.2,-12.4,23.2
96,2015.0,Mets,2325.0,6145.0,177.0,683.0,654.0,51.0,0.079,0.21,0.156,0.287,0.244,0.312,0.4,0.309,98.0,6.2,-6.8,33.8,23.2
97,2010.0,Cardinals,2347.0,6241.0,150.0,736.0,689.0,79.0,0.087,0.165,0.139,0.296,0.263,0.332,0.402,0.322,99.0,1.8,-6.8,35.6,23.1
98,2015.0,Cardinals,2406.0,6139.0,137.0,647.0,619.0,69.0,0.08199999999999999,0.20600000000000002,0.142,0.303,0.253,0.321,0.394,0.311,97.0,0.9,-21.2,47.5,23.1
99,2013.0,Indians,2337.0,6165.0,171.0,745.0,711.0,117.0,0.091,0.20800000000000002,0.155,0.3,0.255,0.327,0.41,0.324,104.0,11.5,39.3,-24.6,23.0
100,2010.0,Padres,2352.0,6148.0,132.0,665.0,630.0,124.0,0.08800000000000001,0.192,0.125,0.29,0.246,0.317,0.371,0.304,92.0,9.3,-50.2,80.8,23.0
101,2016.0,Blue Jays,1883.0,6233.0,221.0,759.0,728.0,54.0,0.10099999999999999,0.21899999999999997,0.178,0.289,0.248,0.33,0.426,0.327,104.0,-9.0,21.9,-8.2,22.8
102,2015.0,Royals,2263.0,6116.0,139.0,724.0,689.0,104.0,0.063,0.159,0.144,0.301,0.269,0.322,0.412,0.318,99.0,-0.3,-8.3,24.5,22.8
103,2009.0,Cardinals,2358.0,6168.0,160.0,730.0,694.0,75.0,0.086,0.16899999999999998,0.152,0.296,0.263,0.332,0.415,0.325,98.0,13.4,-1.6,30.9,22.7
104,2016.0,Marlins,2227.0,6133.0,128.0,655.0,626.0,71.0,0.073,0.198,0.131,0.314,0.263,0.322,0.394,0.309,95.0,2.4,-40.1,65.5,22.6
105,2017.0,Mets,2396.0,6169.0,224.0,735.0,713.0,58.0,0.086,0.209,0.184,0.286,0.25,0.32,0.434,0.322,101.0,-11.3,-4.3,29.8,22.5
106,2016.0,Mariners,1927.0,6227.0,223.0,768.0,735.0,56.0,0.081,0.207,0.171,0.297,0.259,0.326,0.43,0.325,108.0,-13.5,44.6,-35.6,22.4
107,2012.0,Reds,2211.0,6115.0,172.0,669.0,636.0,87.0,0.079,0.207,0.159,0.296,0.251,0.315,0.411,0.314,93.0,13.5,-36.0,59.1,22.3
108,2017.0,Mariners,2323.0,6166.0,200.0,750.0,714.0,89.0,0.079,0.205,0.165,0.3,0.259,0.325,0.424,0.321,104.0,-12.6,15.0,-3.7,22.3
109,2011.0,Angels,2187.0,6088.0,155.0,667.0,629.0,135.0,0.073,0.17800000000000002,0.149,0.288,0.253,0.313,0.402,0.313,98.0,-3.8,-14.6,28.1,22.2
110,2013.0,Angels,2311.0,6260.0,164.0,733.0,696.0,82.0,0.084,0.195,0.15,0.307,0.264,0.329,0.414,0.325,109.0,-9.7,54.8,-51.1,22.2
111,2016.0,Nationals,2097.0,6202.0,203.0,763.0,735.0,121.0,0.086,0.20199999999999999,0.17,0.293,0.256,0.325,0.426,0.322,96.0,16.0,-16.7,35.3,22.1
112,2015.0,Rangers,2358.0,6187.0,172.0,751.0,707.0,101.0,0.081,0.19899999999999998,0.156,0.3,0.257,0.325,0.413,0.321,98.0,21.6,4.8,2.1,22.0
113,2010.0,Blue Jays,2206.0,6072.0,257.0,755.0,732.0,58.0,0.078,0.192,0.206,0.269,0.248,0.312,0.454,0.334,105.0,-12.3,25.1,-20.8,21.9
114,2013.0,Pirates,2369.0,6135.0,161.0,634.0,603.0,94.0,0.076,0.217,0.151,0.294,0.245,0.313,0.396,0.312,99.0,1.8,-3.4,21.5,21.9
115,2016.0,Tigers,1837.0,6127.0,211.0,750.0,719.0,58.0,0.08,0.213,0.171,0.312,0.267,0.331,0.438,0.33,106.0,-16.9,27.0,-19.3,21.9
116,2016.0,Mets,2104.0,6115.0,218.0,671.0,649.0,42.0,0.085,0.213,0.171,0.282,0.246,0.316,0.417,0.315,99.0,-8.6,-17.7,36.4,21.9
117,2012.0,Phillies,2294.0,6172.0,158.0,684.0,659.0,116.0,0.07400000000000001,0.177,0.144,0.29,0.255,0.317,0.4,0.311,93.0,10.7,-40.8,57.5,21.8
118,2012.0,Padres,2384.0,6112.0,121.0,651.0,610.0,155.0,0.08800000000000001,0.203,0.133,0.297,0.247,0.319,0.38,0.307,97.0,13.8,-8.4,26.9,21.8
119,2016.0,Cardinals,2208.0,6223.0,225.0,779.0,745.0,35.0,0.085,0.212,0.187,0.294,0.255,0.325,0.443,0.329,105.0,-17.1,18.9,-5.2,21.7
120,2010.0,Rangers,2312.0,6302.0,162.0,787.0,740.0,123.0,0.081,0.156,0.143,0.307,0.276,0.338,0.419,0.333,98.0,4.5,-7.1,0.9,21.7
121,2011.0,Dodgers,2304.0,6094.0,117.0,644.0,613.0,126.0,0.08199999999999999,0.17800000000000002,0.118,0.299,0.257,0.322,0.375,0.307,95.0,10.2,-24.6,39.6,21.6
122,2010.0,Diamondbacks,2271.0,6183.0,180.0,713.0,691.0,86.0,0.095,0.247,0.166,0.312,0.25,0.325,0.416,0.325,93.0,-8.3,-62.8,78.0,21.5
123,2010.0,Braves,2376.0,6252.0,139.0,738.0,699.0,63.0,0.10099999999999999,0.182,0.143,0.301,0.258,0.339,0.401,0.327,100.0,-2.1,-2.9,15.7,21.5
124,2015.0,Pirates,2431.0,6285.0,140.0,697.0,661.0,98.0,0.073,0.21,0.136,0.314,0.26,0.323,0.396,0.313,97.0,3.5,-17.4,22.7,21.3
125,2017.0,Reds,2321.0,6213.0,219.0,753.0,715.0,120.0,0.091,0.214,0.179,0.294,0.253,0.329,0.433,0.325,95.0,-5.3,-43.5,55.9,21.3
126,2016.0,Astros,1816.0,6204.0,198.0,724.0,689.0,102.0,0.08900000000000001,0.23399999999999999,0.17,0.298,0.247,0.319,0.417,0.317,101.0,-5.4,2.8,-3.8,21.3
127,2017.0,Rays,2345.0,6147.0,228.0,694.0,671.0,88.0,0.08900000000000001,0.25,0.178,0.296,0.245,0.317,0.422,0.316,98.0,11.2,-5.2,6.1,21.2
128,2008.0,Braves,2407.0,6368.0,130.0,753.0,721.0,58.0,0.09699999999999999,0.161,0.138,0.309,0.27,0.345,0.408,0.332,99.0,-5.8,-12.5,18.2,21.1
129,2009.0,Twins,2315.0,6346.0,172.0,817.0,770.0,85.0,0.092,0.161,0.155,0.306,0.274,0.345,0.429,0.338,104.0,15.3,42.9,-49.1,21.1
130,2012.0,Diamondbacks,2213.0,6150.0,165.0,734.0,710.0,93.0,0.08800000000000001,0.20600000000000002,0.159,0.307,0.259,0.328,0.418,0.323,97.0,-5.6,-30.7,41.0,21.1
131,2008.0,Marlins,2361.0,6206.0,208.0,770.0,741.0,76.0,0.087,0.221,0.179,0.3,0.254,0.326,0.433,0.33,96.0,5.7,-27.5,33.5,20.6
132,2012.0,Tigers,2248.0,6119.0,163.0,726.0,698.0,59.0,0.084,0.18,0.154,0.307,0.268,0.335,0.422,0.328,105.0,-17.8,15.4,-20.4,20.6
133,2013.0,Rangers,2321.0,6196.0,176.0,730.0,691.0,149.0,0.075,0.172,0.15,0.294,0.262,0.323,0.412,0.323,97.0,2.0,-22.5,13.8,20.6
134,2011.0,Phillies,2203.0,6279.0,153.0,713.0,693.0,96.0,0.086,0.163,0.142,0.283,0.253,0.323,0.395,0.315,96.0,3.5,-29.5,28.9,20.6
135,2016.0,Orioles,1914.0,6089.0,253.0,744.0,710.0,19.0,0.077,0.217,0.188,0.291,0.256,0.317,0.443,0.326,103.0,2.5,22.6,-26.4,20.6
136,2015.0,Yankees,2401.0,6268.0,212.0,764.0,737.0,63.0,0.08800000000000001,0.196,0.17,0.283,0.251,0.323,0.421,0.323,103.0,3.0,25.3,-34.9,20.6
137,2011.0,Royals,2134.0,6267.0,129.0,730.0,705.0,153.0,0.071,0.161,0.14,0.311,0.275,0.329,0.415,0.325,101.0,0.7,4.5,-13.7,20.4
138,2010.0,Athletics,2255.0,6117.0,109.0,663.0,619.0,156.0,0.086,0.17300000000000001,0.122,0.297,0.256,0.324,0.378,0.313,95.0,17.8,-20.6,6.9,20.2
139,2013.0,Royals,2236.0,6093.0,112.0,648.0,620.0,153.0,0.069,0.172,0.119,0.3,0.26,0.315,0.379,0.305,89.0,18.2,-57.4,48.7,20.2
140,2014.0,Royals,2273.0,6058.0,95.0,651.0,604.0,153.0,0.063,0.163,0.113,0.302,0.263,0.314,0.376,0.306,92.0,4.8,-47.8,41.3,20.2
141,2012.0,Rays,2406.0,6105.0,175.0,697.0,665.0,134.0,0.094,0.217,0.155,0.284,0.24,0.317,0.394,0.311,100.0,-0.7,-1.0,-7.5,20.2
142,2012.0,Athletics,2247.0,6183.0,195.0,713.0,676.0,122.0,0.08900000000000001,0.22399999999999998,0.166,0.281,0.238,0.31,0.404,0.311,97.0,19.4,0.3,-12.4,20.1
143,2009.0,Marlins,2394.0,6312.0,159.0,772.0,727.0,75.0,0.09,0.19399999999999998,0.148,0.316,0.268,0.34,0.416,0.332,97.0,4.5,-16.7,14.4,20.0
144,2014.0,Marlins,2311.0,6185.0,122.0,645.0,614.0,58.0,0.081,0.22899999999999998,0.125,0.316,0.253,0.317,0.378,0.307,95.0,-5.6,-42.3,38.2,20.0
145,2012.0,White Sox,2277.0,6111.0,211.0,748.0,726.0,109.0,0.075,0.19699999999999998,0.167,0.289,0.255,0.318,0.422,0.322,98.0,-7.0,-18.2,5.2,19.7
146,2009.0,Mariners,2150.0,6113.0,160.0,640.0,613.0,89.0,0.069,0.179,0.144,0.293,0.258,0.314,0.402,0.313,89.0,-4.5,-87.0,75.2,19.7
147,2015.0,Tigers,2340.0,6159.0,151.0,689.0,660.0,83.0,0.07400000000000001,0.204,0.15,0.322,0.27,0.328,0.42,0.324,103.0,-27.6,-8.6,-7.5,19.5
148,2016.0,Angels,1927.0,6041.0,156.0,717.0,686.0,73.0,0.078,0.16399999999999998,0.145,0.289,0.26,0.322,0.405,0.314,99.0,-16.8,-27.4,13.3,19.4
149,2018.0,Reds,2402.0,6240.0,172.0,696.0,665.0,77.0,0.09,0.221,0.148,0.307,0.254,0.328,0.401,0.317,95.0,-1.9,-40.2,30.3,19.3
150,2014.0,Twins,2292.0,6233.0,128.0,715.0,675.0,99.0,0.087,0.213,0.135,0.309,0.254,0.324,0.389,0.316,100.0,20.9,23.8,-44.5,19.3
151,2011.0,Mets,2383.0,6335.0,108.0,718.0,676.0,130.0,0.09,0.171,0.127,0.307,0.264,0.335,0.391,0.319,102.0,11.1,25.0,-39.9,19.3
152,2009.0,Rockies,2352.0,6241.0,190.0,804.0,760.0,106.0,0.106,0.205,0.18,0.305,0.261,0.343,0.441,0.341,96.0,5.3,-29.7,21.1,19.2
153,2018.0,Pirates,2293.0,6066.0,157.0,692.0,665.0,70.0,0.078,0.203,0.154,0.298,0.254,0.317,0.407,0.312,96.0,-13.3,-45.4,39.1,19.1
154,2017.0,Diamondbacks,2360.0,6224.0,220.0,812.0,776.0,103.0,0.09300000000000001,0.23399999999999999,0.19,0.306,0.254,0.329,0.445,0.329,95.0,12.4,-27.9,17.7,19.1
155,2015.0,Rays,2479.0,6071.0,167.0,644.0,612.0,87.0,0.07200000000000001,0.21600000000000003,0.154,0.3,0.252,0.314,0.406,0.313,100.0,-13.4,-16.2,-1.0,19.1
156,2009.0,Blue Jays,2202.0,6362.0,209.0,798.0,766.0,73.0,0.086,0.162,0.174,0.29,0.266,0.333,0.44,0.337,101.0,12.2,21.5,-48.3,19.1
157,2013.0,Padres,2359.0,6122.0,146.0,618.0,578.0,118.0,0.076,0.214,0.133,0.294,0.245,0.308,0.378,0.302,94.0,8.8,-35.4,27.4,19.1
158,2015.0,Indians,2285.0,6109.0,141.0,669.0,640.0,86.0,0.087,0.18899999999999997,0.144,0.299,0.256,0.325,0.401,0.315,97.0,8.1,-15.6,-4.6,18.9
159,2012.0,Red Sox,2317.0,6166.0,165.0,734.0,695.0,97.0,0.069,0.19399999999999998,0.155,0.301,0.26,0.315,0.415,0.316,95.0,2.6,-37.1,13.9,18.9
160,2009.0,Braves,2335.0,6335.0,149.0,735.0,700.0,58.0,0.095,0.168,0.142,0.3,0.263,0.339,0.405,0.327,97.0,-20.2,-44.2,29.4,18.9
161,2016.0,Rockies,2005.0,6236.0,204.0,845.0,805.0,66.0,0.079,0.213,0.182,0.326,0.275,0.336,0.457,0.339,94.0,1.1,-45.0,29.4,18.8
162,2015.0,Red Sox,2268.0,6237.0,161.0,748.0,706.0,71.0,0.077,0.184,0.149,0.305,0.265,0.325,0.415,0.321,99.0,1.4,-5.9,-20.9,18.6
163,2013.0,Diamondbacks,2349.0,6334.0,130.0,685.0,647.0,62.0,0.08199999999999999,0.18,0.133,0.301,0.259,0.323,0.391,0.314,93.0,-18.5,-69.4,50.7,18.6
164,2008.0,Twins,2287.0,6331.0,111.0,829.0,791.0,102.0,0.084,0.155,0.129,0.316,0.279,0.34,0.408,0.328,99.0,12.3,4.7,-35.2,18.6
165,2014.0,Rockies,2387.0,6164.0,186.0,755.0,721.0,85.0,0.064,0.20800000000000002,0.169,0.326,0.276,0.327,0.445,0.337,97.0,-12.3,-33.1,16.4,18.6
166,2015.0,Nationals,2245.0,6117.0,177.0,703.0,665.0,57.0,0.08800000000000001,0.22,0.151,0.3,0.251,0.321,0.403,0.315,96.0,-2.3,-29.7,13.9,18.5
167,2014.0,Cardinals,2324.0,6086.0,105.0,619.0,585.0,57.0,0.077,0.18600000000000003,0.116,0.3,0.253,0.32,0.369,0.308,95.0,-15.5,-49.0,33.9,18.5
168,2016.0,Pirates,2269.0,6261.0,153.0,729.0,696.0,110.0,0.09,0.213,0.144,0.311,0.257,0.332,0.402,0.318,97.0,-6.7,-26.5,7.1,18.4
169,2008.0,Orioles,2340.0,6211.0,172.0,782.0,750.0,81.0,0.086,0.159,0.162,0.296,0.267,0.333,0.429,0.333,99.0,-5.1,-17.0,-11.0,18.4
170,2013.0,Mets,2378.0,6207.0,130.0,619.0,593.0,114.0,0.08199999999999999,0.223,0.129,0.291,0.237,0.306,0.366,0.297,90.0,23.0,-49.2,32.4,18.4
171,2018.0,Mariners,2373.0,6087.0,176.0,677.0,644.0,79.0,0.071,0.201,0.154,0.295,0.254,0.314,0.408,0.313,101.0,-7.0,0.6,-24.3,18.2
172,2008.0,Yankees,2330.0,6257.0,180.0,789.0,758.0,118.0,0.086,0.162,0.156,0.302,0.271,0.342,0.427,0.338,104.0,-6.7,24.3,-56.3,18.2
173,2014.0,Brewers,2327.0,6065.0,150.0,650.0,617.0,102.0,0.07,0.19699999999999998,0.147,0.293,0.25,0.311,0.397,0.313,94.0,-12.1,-56.2,37.7,18.0
174,2013.0,Brewers,2335.0,6064.0,157.0,640.0,610.0,142.0,0.067,0.195,0.145,0.294,0.252,0.311,0.398,0.311,91.0,-6.9,-66.0,50.0,18.0
175,2008.0,Tigers,2267.0,6331.0,200.0,821.0,780.0,63.0,0.09,0.17,0.173,0.301,0.271,0.34,0.444,0.343,106.0,-6.7,42.3,-78.7,18.0
176,2010.0,Marlins,2300.0,6194.0,152.0,719.0,686.0,92.0,0.083,0.222,0.149,0.309,0.254,0.321,0.403,0.318,92.0,22.5,-36.2,16.8,18.0
177,2009.0,Tigers,2350.0,6234.0,183.0,743.0,718.0,72.0,0.087,0.179,0.156,0.294,0.26,0.331,0.416,0.328,94.0,0.4,-48.5,13.9,17.9
178,2013.0,Nationals,2241.0,6047.0,161.0,656.0,621.0,88.0,0.077,0.19699999999999998,0.146,0.292,0.251,0.313,0.398,0.311,94.0,3.1,-34.7,17.8,17.9
179,2014.0,Cubs,2358.0,6102.0,157.0,614.0,590.0,65.0,0.07200000000000001,0.242,0.146,0.296,0.239,0.3,0.385,0.303,91.0,4.0,-59.5,37.6,17.8
180,2015.0,Orioles,2249.0,6007.0,217.0,713.0,686.0,44.0,0.07,0.222,0.171,0.291,0.25,0.307,0.421,0.315,97.0,-4.9,-23.9,-3.5,17.8
181,2014.0,Rays,2352.0,6205.0,117.0,612.0,586.0,63.0,0.085,0.18100000000000002,0.12,0.287,0.247,0.317,0.367,0.305,97.0,1.0,-19.9,-14.7,17.6
182,2014.0,Mets,2294.0,6145.0,125.0,629.0,602.0,101.0,0.084,0.20600000000000002,0.126,0.286,0.239,0.308,0.364,0.299,92.0,-0.4,-56.0,30.9,17.6
183,2009.0,Rangers,2158.0,6127.0,224.0,784.0,748.0,149.0,0.077,0.205,0.185,0.296,0.26,0.32,0.445,0.331,92.0,9.1,-49.8,15.7,17.5
184,2016.0,Rays,1800.0,6046.0,216.0,672.0,647.0,60.0,0.07400000000000001,0.245,0.182,0.293,0.243,0.307,0.426,0.315,98.0,-0.4,-13.0,-19.6,17.5
185,2009.0,Reds,2314.0,6187.0,158.0,673.0,637.0,96.0,0.086,0.182,0.147,0.282,0.247,0.318,0.394,0.313,84.0,5.2,-118.5,94.3,17.4
186,2016.0,Diamondbacks,1999.0,6260.0,190.0,752.0,709.0,137.0,0.07400000000000001,0.228,0.171,0.315,0.261,0.32,0.432,0.321,93.0,17.7,-39.9,9.8,17.3
187,2015.0,Marlins,2297.0,5988.0,120.0,613.0,575.0,112.0,0.063,0.192,0.124,0.307,0.26,0.31,0.384,0.302,91.0,-1.2,-67.2,44.1,17.3
188,2015.0,Reds,2337.0,6196.0,167.0,640.0,613.0,134.0,0.08,0.203,0.146,0.29,0.248,0.312,0.394,0.307,91.0,10.9,-52.1,21.9,17.3
189,2017.0,Brewers,2423.0,6135.0,224.0,732.0,695.0,128.0,0.08900000000000001,0.256,0.18,0.308,0.249,0.322,0.429,0.321,93.0,2.4,-50.6,24.2,17.2
190,2017.0,Angels,2392.0,6073.0,186.0,710.0,678.0,136.0,0.086,0.19699999999999998,0.155,0.277,0.243,0.315,0.397,0.307,93.0,1.4,-54.6,17.9,17.2
191,2008.0,Angels,2229.0,6155.0,159.0,765.0,721.0,129.0,0.078,0.16,0.145,0.299,0.268,0.33,0.413,0.324,96.0,-1.0,-30.9,-7.9,17.1
192,2011.0,Padres,2355.0,6074.0,91.0,593.0,563.0,170.0,0.08199999999999999,0.217,0.112,0.294,0.237,0.305,0.349,0.29,86.0,18.2,-77.3,50.0,17.1
193,2017.0,Red Sox,2334.0,6338.0,168.0,785.0,735.0,106.0,0.09,0.193,0.149,0.3,0.258,0.329,0.407,0.316,91.0,4.9,-65.3,17.9,17.0
194,2010.0,Mets,2348.0,6144.0,128.0,656.0,625.0,130.0,0.08199999999999999,0.17800000000000002,0.134,0.287,0.249,0.314,0.383,0.307,89.0,10.6,-70.9,43.5,17.0
195,2017.0,Athletics,2350.0,6126.0,234.0,739.0,708.0,57.0,0.092,0.243,0.19,0.294,0.246,0.319,0.436,0.323,102.0,-5.5,12.0,-53.8,16.8
196,2016.0,Rangers,1861.0,6089.0,215.0,765.0,746.0,99.0,0.07200000000000001,0.2,0.172,0.298,0.262,0.322,0.433,0.324,95.0,2.0,-37.0,-3.3,16.8
197,2018.0,Diamondbacks,2409.0,6157.0,176.0,693.0,658.0,79.0,0.091,0.237,0.162,0.286,0.235,0.31,0.397,0.306,88.0,7.1,-84.3,51.6,16.7
198,2016.0,White Sox,1789.0,6131.0,168.0,686.0,656.0,77.0,0.07400000000000001,0.21,0.153,0.304,0.257,0.317,0.41,0.314,97.0,-2.5,-27.2,-16.7,16.6
199,2015.0,Angels,2459.0,5990.0,176.0,661.0,621.0,52.0,0.073,0.192,0.15,0.28,0.246,0.307,0.396,0.305,95.0,0.5,-37.0,-1.4,16.6
200,2013.0,Cubs,2294.0,6079.0,172.0,602.0,576.0,63.0,0.07200000000000001,0.20199999999999999,0.154,0.275,0.238,0.3,0.392,0.304,90.0,-11.9,-78.3,48.3,16.5
201,2009.0,Giants,2304.0,6057.0,122.0,657.0,612.0,78.0,0.065,0.191,0.132,0.302,0.257,0.309,0.389,0.305,83.0,10.0,-118.1,88.9,16.5
202,2013.0,Blue Jays,2314.0,6152.0,185.0,712.0,669.0,112.0,0.083,0.183,0.158,0.284,0.252,0.318,0.411,0.32,99.0,3.8,-2.8,-42.6,16.5
203,2018.0,Mets,2333.0,6177.0,170.0,676.0,649.0,71.0,0.092,0.22699999999999998,0.154,0.283,0.234,0.312,0.389,0.305,95.0,2.6,-37.3,0.9,16.4
204,2017.0,Tigers,2336.0,6150.0,187.0,735.0,699.0,65.0,0.08199999999999999,0.213,0.166,0.306,0.258,0.324,0.424,0.321,98.0,-19.8,-31.5,-16.4,16.3
205,2008.0,Blue Jays,2244.0,6191.0,126.0,714.0,681.0,80.0,0.084,0.152,0.135,0.295,0.264,0.331,0.399,0.322,94.0,-10.9,-60.7,10.3,16.1
206,2011.0,Marlins,2348.0,6232.0,149.0,625.0,596.0,95.0,0.087,0.2,0.142,0.291,0.247,0.318,0.388,0.311,92.0,2.1,-56.1,14.5,16.1
207,2009.0,Diamondbacks,2301.0,6269.0,173.0,720.0,686.0,102.0,0.091,0.207,0.165,0.299,0.253,0.324,0.418,0.324,89.0,13.1,-75.3,34.7,16.1
208,2009.0,Indians,2188.0,6320.0,161.0,773.0,730.0,84.0,0.092,0.192,0.153,0.308,0.264,0.339,0.417,0.333,100.0,-1.1,-0.7,-54.8,16.1
209,2009.0,Padres,2348.0,6179.0,141.0,638.0,605.0,82.0,0.095,0.191,0.138,0.284,0.242,0.321,0.381,0.309,93.0,-10.4,-67.1,27.5,15.9
210,2014.0,Yankees,2288.0,6082.0,147.0,633.0,591.0,112.0,0.07400000000000001,0.18600000000000003,0.135,0.282,0.245,0.307,0.38,0.305,94.0,3.2,-38.5,-8.3,15.9
211,2014.0,Red Sox,2283.0,6226.0,123.0,634.0,601.0,63.0,0.086,0.215,0.124,0.297,0.244,0.316,0.369,0.305,89.0,-8.1,-83.0,30.8,15.8
212,2015.0,Mariners,2407.0,6131.0,198.0,656.0,624.0,69.0,0.078,0.218,0.162,0.292,0.249,0.311,0.411,0.313,100.0,-23.1,-20.7,-30.1,15.7
213,2009.0,Nationals,2401.0,6273.0,156.0,710.0,685.0,73.0,0.098,0.193,0.148,0.302,0.258,0.337,0.406,0.327,96.0,-5.7,-37.9,-6.3,15.7
214,2009.0,Cubs,2343.0,6244.0,161.0,707.0,678.0,56.0,0.095,0.19,0.152,0.296,0.255,0.332,0.407,0.324,90.0,-13.2,-89.3,45.9,15.7
215,2011.0,Giants,2370.0,6091.0,121.0,570.0,534.0,85.0,0.07400000000000001,0.184,0.126,0.281,0.242,0.303,0.368,0.295,88.0,-6.5,-87.9,46.0,15.6
216,2008.0,White Sox,2298.0,6231.0,235.0,811.0,785.0,67.0,0.087,0.163,0.185,0.281,0.263,0.332,0.448,0.339,101.0,-27.4,-17.7,-39.4,15.6
217,2009.0,Athletics,2306.0,6247.0,135.0,759.0,723.0,133.0,0.084,0.16699999999999998,0.135,0.298,0.262,0.328,0.397,0.32,94.0,12.8,-38.0,-20.3,15.5
218,2011.0,Blue Jays,2265.0,6210.0,186.0,743.0,704.0,131.0,0.085,0.191,0.164,0.283,0.249,0.317,0.413,0.319,97.0,12.1,-11.6,-42.2,15.5
219,2010.0,Nationals,2410.0,6100.0,149.0,655.0,634.0,110.0,0.08199999999999999,0.2,0.14,0.294,0.25,0.318,0.39,0.313,90.0,-11.3,-84.4,44.1,15.5
220,2012.0,Dodgers,2356.0,6091.0,116.0,637.0,607.0,104.0,0.079,0.19,0.122,0.298,0.252,0.317,0.374,0.302,90.0,-8.6,-81.9,40.8,15.5
221,2012.0,Mets,2420.0,6091.0,139.0,650.0,625.0,79.0,0.083,0.205,0.137,0.298,0.249,0.316,0.386,0.306,94.0,-3.2,-48.8,7.2,15.4
222,2018.0,Twins,2351.0,6154.0,166.0,738.0,704.0,47.0,0.087,0.21600000000000003,0.155,0.298,0.25,0.318,0.405,0.313,95.0,0.6,-39.2,-16.5,15.1
223,2009.0,Mets,2377.0,6159.0,95.0,671.0,631.0,122.0,0.085,0.151,0.124,0.307,0.27,0.335,0.394,0.32,94.0,-5.4,-48.2,1.0,15.0
224,2016.0,Yankees,1813.0,6058.0,183.0,680.0,647.0,72.0,0.078,0.196,0.153,0.289,0.252,0.314,0.405,0.311,92.0,10.6,-49.7,-7.1,15.0
225,2013.0,Rockies,2330.0,6152.0,159.0,706.0,673.0,112.0,0.069,0.196,0.149,0.317,0.27,0.323,0.418,0.324,87.0,17.4,-72.7,26.1,15.0
226,2018.0,Rangers,2300.0,6163.0,194.0,737.0,696.0,74.0,0.09,0.24100000000000002,0.164,0.292,0.24,0.318,0.404,0.315,90.0,7.2,-66.1,8.7,15.0
227,2011.0,Nationals,2341.0,6090.0,154.0,624.0,594.0,106.0,0.077,0.217,0.14,0.292,0.242,0.309,0.383,0.305,89.0,3.7,-73.4,25.4,14.9
228,2014.0,Braves,2252.0,6064.0,123.0,573.0,545.0,95.0,0.078,0.226,0.119,0.298,0.241,0.305,0.36,0.296,86.0,-4.4,-98.9,51.4,14.9
229,2010.0,White Sox,2212.0,6118.0,177.0,752.0,710.0,160.0,0.076,0.151,0.152,0.292,0.268,0.332,0.42,0.332,100.0,-8.1,-7.7,-58.4,14.8
230,2018.0,Rockies,2368.0,6178.0,210.0,780.0,748.0,95.0,0.08199999999999999,0.226,0.179,0.304,0.256,0.322,0.435,0.325,87.0,3.2,-94.1,42.4,14.8
231,2014.0,Reds,2213.0,5978.0,131.0,595.0,562.0,122.0,0.069,0.209,0.127,0.284,0.238,0.296,0.365,0.294,83.0,-1.2,-115.4,69.9,14.8
232,2009.0,Pirates,2195.0,6058.0,125.0,636.0,612.0,90.0,0.08199999999999999,0.18899999999999997,0.135,0.296,0.252,0.318,0.387,0.31,86.0,-6.2,-113.0,66.3,14.8
233,2011.0,Braves,2322.0,6169.0,173.0,641.0,606.0,77.0,0.08199999999999999,0.204,0.144,0.284,0.243,0.308,0.387,0.306,91.0,-4.8,-70.5,18.3,14.8
234,2010.0,Rockies,2379.0,6265.0,173.0,770.0,741.0,99.0,0.09300000000000001,0.203,0.162,0.31,0.263,0.336,0.425,0.333,91.0,9.3,-62.1,8.7,14.7
235,2008.0,Padres,2343.0,6244.0,154.0,637.0,615.0,36.0,0.083,0.20199999999999999,0.14,0.294,0.25,0.317,0.39,0.311,92.0,-4.2,-63.7,8.0,14.6
236,2016.0,Reds,2120.0,6094.0,164.0,716.0,678.0,139.0,0.07400000000000001,0.21100000000000002,0.152,0.303,0.256,0.316,0.408,0.311,89.0,-4.3,-89.9,38.4,14.6
237,2014.0,Mariners,2333.0,5977.0,136.0,634.0,600.0,96.0,0.066,0.20600000000000002,0.132,0.29,0.244,0.3,0.376,0.299,94.0,3.2,-37.5,-18.8,14.5
238,2017.0,Braves,2374.0,6216.0,165.0,732.0,706.0,77.0,0.076,0.19,0.15,0.305,0.263,0.326,0.412,0.316,89.0,4.3,-82.3,25.6,14.5
239,2011.0,Cubs,2373.0,6130.0,148.0,654.0,610.0,69.0,0.069,0.196,0.144,0.301,0.256,0.314,0.401,0.314,91.0,-17.7,-80.2,25.6,14.4
240,2012.0,Twins,2271.0,6209.0,131.0,701.0,666.0,135.0,0.081,0.172,0.13,0.298,0.26,0.325,0.39,0.313,95.0,0.7,-32.5,-35.0,14.4
241,2010.0,Cubs,2307.0,6140.0,149.0,685.0,658.0,55.0,0.078,0.201,0.145,0.304,0.257,0.32,0.401,0.318,90.0,-10.3,-81.7,29.3,14.4
242,2008.0,Athletics,2282.0,6138.0,125.0,646.0,610.0,88.0,0.094,0.2,0.127,0.289,0.242,0.318,0.369,0.306,86.0,12.4,-92.6,26.2,14.3
243,2015.0,Padres,2396.0,6019.0,148.0,650.0,623.0,82.0,0.071,0.22,0.142,0.292,0.243,0.3,0.385,0.298,90.0,5.0,-63.2,10.0,14.2
244,2012.0,Pirates,2360.0,6014.0,170.0,651.0,620.0,73.0,0.07400000000000001,0.225,0.152,0.291,0.243,0.304,0.395,0.304,91.0,-0.3,-67.8,15.2,14.0
245,2008.0,Dodgers,2376.0,6194.0,137.0,700.0,659.0,126.0,0.08800000000000001,0.16699999999999998,0.134,0.301,0.264,0.333,0.399,0.321,93.0,5.1,-51.1,-9.8,13.9
246,2011.0,Indians,2287.0,6142.0,154.0,704.0,671.0,89.0,0.08,0.207,0.146,0.297,0.25,0.317,0.396,0.314,99.0,0.4,-8.5,-58.2,13.9
247,2017.0,Rockies,2374.0,6201.0,192.0,824.0,793.0,59.0,0.084,0.22699999999999998,0.171,0.332,0.273,0.338,0.444,0.332,87.0,-6.4,-111.5,49.5,13.9
248,2012.0,Orioles,2282.0,6160.0,214.0,712.0,677.0,58.0,0.078,0.213,0.17,0.286,0.247,0.311,0.417,0.317,96.0,-17.1,-44.0,-27.3,13.8
249,2012.0,Royals,2249.0,6149.0,131.0,676.0,643.0,132.0,0.066,0.168,0.135,0.302,0.265,0.317,0.4,0.311,94.0,-7.4,-50.8,-20.1,13.8
250,2017.0,White Sox,2289.0,6059.0,186.0,706.0,670.0,71.0,0.066,0.231,0.161,0.309,0.256,0.314,0.417,0.313,95.0,-1.9,-41.4,-28.8,13.8
251,2014.0,Indians,2391.0,6222.0,142.0,669.0,644.0,104.0,0.081,0.191,0.136,0.296,0.253,0.317,0.389,0.313,98.0,9.9,-1.7,-69.6,13.7
252,2016.0,Twins,1873.0,6245.0,200.0,722.0,690.0,91.0,0.08199999999999999,0.228,0.171,0.3,0.251,0.316,0.421,0.317,95.0,7.8,-28.5,-48.3,13.6
253,2010.0,Dodgers,2310.0,6140.0,120.0,667.0,621.0,92.0,0.087,0.193,0.127,0.299,0.252,0.322,0.379,0.309,92.0,1.3,-60.6,1.1,13.6
254,2011.0,Rockies,2348.0,6275.0,163.0,735.0,697.0,118.0,0.08800000000000001,0.191,0.152,0.3,0.258,0.329,0.41,0.324,88.0,-1.8,-92.5,25.6,13.5
255,2018.0,Royals,2184.0,6063.0,155.0,638.0,606.0,117.0,0.07,0.21600000000000003,0.146,0.293,0.245,0.305,0.392,0.303,88.0,-7.4,-93.5,25.1,13.5
256,2010.0,Angels,2236.0,6089.0,155.0,681.0,656.0,104.0,0.077,0.17600000000000002,0.142,0.281,0.248,0.311,0.39,0.31,94.0,-8.8,-54.2,-23.7,13.5
257,2015.0,Twins,2311.0,6017.0,156.0,696.0,661.0,70.0,0.073,0.21,0.152,0.292,0.247,0.305,0.399,0.305,89.0,-5.5,-80.4,11.6,13.4
258,2013.0,Twins,2332.0,6212.0,151.0,614.0,590.0,52.0,0.086,0.23,0.138,0.298,0.242,0.312,0.38,0.307,91.0,1.2,-66.1,-11.1,13.3
259,2016.0,Royals,1820.0,6052.0,147.0,675.0,640.0,121.0,0.063,0.20199999999999999,0.139,0.309,0.261,0.312,0.4,0.307,89.0,-4.3,-83.9,9.3,13.2
260,2012.0,Blue Jays,2289.0,6094.0,198.0,716.0,677.0,123.0,0.078,0.205,0.161,0.281,0.245,0.309,0.407,0.311,92.0,2.5,-55.8,-19.3,13.2
261,2014.0,White Sox,2285.0,6077.0,155.0,660.0,625.0,85.0,0.069,0.22399999999999998,0.146,0.306,0.253,0.31,0.398,0.312,99.0,-13.1,-23.5,-48.1,13.1
262,2017.0,Phillies,2308.0,6133.0,174.0,690.0,654.0,59.0,0.081,0.231,0.159,0.304,0.25,0.315,0.409,0.31,88.0,-9.5,-102.0,34.5,13.1
263,2009.0,Astros,2340.0,6040.0,142.0,643.0,616.0,113.0,0.07400000000000001,0.16399999999999998,0.14,0.293,0.26,0.319,0.4,0.315,89.0,-18.0,-99.0,36.0,13.1
264,2011.0,Astros,2377.0,6150.0,95.0,615.0,579.0,118.0,0.065,0.18899999999999997,0.116,0.308,0.258,0.311,0.374,0.301,88.0,-0.6,-89.1,21.7,13.1
265,2012.0,Rockies,2429.0,6183.0,166.0,758.0,716.0,100.0,0.073,0.196,0.163,0.321,0.274,0.33,0.436,0.331,90.0,2.8,-73.8,6.2,13.0
266,2017.0,Royals,2342.0,6027.0,193.0,702.0,660.0,91.0,0.065,0.193,0.16,0.295,0.259,0.311,0.42,0.312,91.0,2.5,-61.9,-15.8,12.9
267,2014.0,Phillies,2282.0,6198.0,125.0,619.0,584.0,109.0,0.071,0.21100000000000002,0.121,0.292,0.242,0.302,0.363,0.295,86.0,10.6,-85.5,15.2,12.8
268,2014.0,Rangers,2264.0,6026.0,111.0,637.0,597.0,105.0,0.069,0.193,0.119,0.305,0.256,0.314,0.375,0.305,90.0,-1.8,-66.8,-6.6,12.7
269,2015.0,Athletics,2349.0,6171.0,146.0,694.0,661.0,78.0,0.077,0.18100000000000002,0.144,0.288,0.251,0.312,0.395,0.308,95.0,-1.0,-34.1,-46.2,12.7
270,2016.0,Brewers,2023.0,6061.0,194.0,671.0,641.0,181.0,0.099,0.255,0.163,0.304,0.244,0.322,0.407,0.315,92.0,5.2,-55.2,-14.1,12.7
271,2017.0,Rangers,2268.0,6122.0,237.0,799.0,756.0,113.0,0.08900000000000001,0.244,0.186,0.291,0.244,0.32,0.43,0.321,91.0,6.3,-58.5,-25.4,12.6
272,2014.0,Astros,2229.0,6055.0,163.0,629.0,596.0,122.0,0.08199999999999999,0.23800000000000002,0.141,0.298,0.242,0.309,0.383,0.308,98.0,3.6,-8.1,-67.7,12.6
273,2008.0,Pirates,2340.0,6278.0,153.0,735.0,705.0,57.0,0.076,0.165,0.145,0.29,0.258,0.32,0.403,0.317,89.0,0.1,-89.2,11.3,12.5
274,2017.0,Orioles,2351.0,6140.0,232.0,743.0,713.0,32.0,0.064,0.23,0.175,0.306,0.26,0.312,0.435,0.318,97.0,-14.9,-41.6,-44.5,12.5
275,2012.0,Marlins,2269.0,6057.0,137.0,609.0,576.0,149.0,0.08,0.203,0.138,0.289,0.244,0.308,0.382,0.3,87.0,2.5,-92.9,23.4,12.4
276,2018.0,Phillies,2474.0,6136.0,186.0,677.0,653.0,69.0,0.095,0.248,0.158,0.289,0.234,0.314,0.393,0.307,91.0,2.9,-64.3,-9.5,12.4
277,2010.0,Indians,2255.0,6165.0,128.0,646.0,601.0,91.0,0.08800000000000001,0.192,0.13,0.293,0.248,0.322,0.378,0.311,94.0,1.3,-40.7,-51.9,12.2
278,2015.0,Braves,2340.0,6034.0,100.0,573.0,548.0,69.0,0.078,0.183,0.108,0.297,0.251,0.314,0.359,0.296,84.0,-2.7,-115.5,41.2,12.0
279,2015.0,Rockies,2436.0,6071.0,186.0,737.0,702.0,97.0,0.064,0.21100000000000002,0.167,0.313,0.265,0.315,0.432,0.321,87.0,4.7,-91.9,14.3,11.8
280,2015.0,Brewers,2377.0,6024.0,145.0,655.0,624.0,84.0,0.068,0.21600000000000003,0.142,0.303,0.251,0.307,0.393,0.304,87.0,1.5,-87.9,10.8,11.7
281,2017.0,Pirates,2371.0,6136.0,151.0,668.0,635.0,67.0,0.085,0.198,0.142,0.286,0.244,0.318,0.386,0.304,85.0,-2.2,-117.7,35.8,11.7
282,2012.0,Indians,2339.0,6195.0,136.0,667.0,635.0,110.0,0.09,0.175,0.131,0.288,0.251,0.324,0.381,0.31,97.0,-13.6,-37.7,-55.1,11.7
283,2013.0,Yankees,2253.0,6044.0,144.0,650.0,614.0,115.0,0.077,0.201,0.133,0.285,0.242,0.307,0.376,0.301,86.0,4.4,-89.2,2.5,11.6
284,2018.0,Blue Jays,2435.0,6076.0,217.0,709.0,680.0,47.0,0.08199999999999999,0.228,0.183,0.286,0.244,0.312,0.427,0.319,101.0,-27.1,-22.8,-65.0,11.5
285,2012.0,Cubs,2341.0,5967.0,137.0,613.0,570.0,94.0,0.075,0.207,0.138,0.286,0.24,0.302,0.378,0.297,81.0,-6.0,-138.9,63.4,11.5
286,2013.0,Mariners,2237.0,6172.0,188.0,624.0,597.0,49.0,0.086,0.21899999999999997,0.152,0.279,0.237,0.306,0.39,0.307,95.0,-6.9,-41.1,-51.5,11.4
287,2012.0,Mariners,2236.0,6057.0,149.0,619.0,584.0,104.0,0.077,0.20800000000000002,0.135,0.276,0.234,0.296,0.369,0.291,87.0,0.1,-89.6,-3.9,11.1
288,2016.0,Phillies,1997.0,5992.0,161.0,610.0,575.0,96.0,0.071,0.23,0.144,0.292,0.24,0.301,0.385,0.296,81.0,0.9,-137.5,54.5,11.1
289,2015.0,Phillies,2321.0,6053.0,130.0,626.0,586.0,88.0,0.064,0.21,0.133,0.299,0.249,0.303,0.382,0.298,86.0,-1.9,-100.3,14.5,10.9
290,2016.0,Padres,2005.0,6000.0,177.0,686.0,654.0,125.0,0.075,0.25,0.155,0.291,0.235,0.299,0.39,0.297,84.0,24.8,-92.3,6.4,10.8
291,2014.0,Diamondbacks,2274.0,6089.0,118.0,615.0,573.0,86.0,0.065,0.191,0.127,0.293,0.248,0.302,0.376,0.3,83.0,1.5,-112.8,26.9,10.7
292,2017.0,Blue Jays,2455.0,6154.0,222.0,693.0,661.0,53.0,0.08800000000000001,0.21600000000000003,0.172,0.276,0.24,0.312,0.412,0.312,93.0,-15.8,-73.0,-32.9,10.6
293,2008.0,Giants,2382.0,6145.0,94.0,640.0,606.0,108.0,0.07400000000000001,0.17,0.12,0.305,0.262,0.321,0.382,0.309,83.0,-15.4,-149.4,55.5,10.5
294,2010.0,Royals,2190.0,6209.0,121.0,676.0,640.0,115.0,0.076,0.146,0.126,0.305,0.274,0.331,0.399,0.323,98.0,-28.4,-42.1,-69.5,10.4
295,2016.0,Braves,1999.0,6192.0,122.0,649.0,615.0,75.0,0.081,0.2,0.13,0.305,0.255,0.321,0.384,0.304,86.0,-6.1,-110.8,14.4,10.3
296,2011.0,Orioles,2262.0,6156.0,191.0,708.0,684.0,81.0,0.073,0.182,0.156,0.288,0.257,0.316,0.413,0.32,96.0,-11.3,-39.1,-63.0,10.2
297,2008.0,Reds,2392.0,6188.0,187.0,704.0,677.0,85.0,0.09,0.182,0.161,0.278,0.247,0.321,0.408,0.319,87.0,1.1,-103.3,5.0,10.2
298,2009.0,Orioles,2281.0,6233.0,160.0,741.0,708.0,76.0,0.083,0.163,0.147,0.3,0.268,0.332,0.415,0.328,93.0,-20.1,-74.3,-37.1,10.2
299,2008.0,Rockies,2310.0,6312.0,160.0,747.0,714.0,141.0,0.09,0.192,0.152,0.308,0.263,0.336,0.415,0.33,88.0,15.2,-80.7,-22.6,10.1
300,2018.0,Marlins,2434.0,6083.0,128.0,589.0,554.0,45.0,0.075,0.228,0.119,0.293,0.237,0.303,0.357,0.289,83.0,-15.8,-140.1,44.1,9.9
301,2018.0,White Sox,2348.0,6071.0,182.0,656.0,639.0,98.0,0.07,0.263,0.16,0.304,0.241,0.302,0.401,0.304,92.0,-7.2,-66.7,-37.1,9.9
302,2011.0,Pirates,2444.0,6064.0,107.0,610.0,580.0,108.0,0.081,0.21600000000000003,0.123,0.301,0.244,0.309,0.368,0.299,87.0,-15.2,-103.1,7.8,9.8
303,2011.0,White Sox,2206.0,6159.0,154.0,654.0,625.0,81.0,0.077,0.161,0.136,0.28,0.252,0.319,0.388,0.312,90.0,-9.9,-80.0,-26.0,9.8
304,2013.0,Phillies,2310.0,6014.0,140.0,610.0,578.0,73.0,0.069,0.2,0.135,0.293,0.248,0.306,0.384,0.303,89.0,-7.4,-81.9,-8.6,9.8
305,2017.0,Giants,2372.0,6137.0,128.0,639.0,612.0,76.0,0.076,0.196,0.132,0.294,0.249,0.309,0.38,0.296,82.0,2.6,-142.9,39.8,9.6
306,2008.0,Diamondbacks,2280.0,6156.0,159.0,720.0,683.0,58.0,0.095,0.209,0.164,0.299,0.251,0.327,0.415,0.324,88.0,12.1,-83.9,-23.6,9.2
307,2008.0,Mariners,2296.0,6176.0,124.0,671.0,631.0,90.0,0.068,0.14400000000000002,0.124,0.294,0.265,0.318,0.389,0.31,90.0,-8.9,-86.1,-36.2,8.9
308,2008.0,Nationals,2397.0,6192.0,117.0,641.0,608.0,81.0,0.086,0.177,0.122,0.292,0.251,0.323,0.373,0.31,84.0,-16.8,-145.4,29.8,8.5
309,2011.0,Athletics,2229.0,6104.0,114.0,645.0,612.0,117.0,0.083,0.179,0.125,0.283,0.244,0.311,0.369,0.301,89.0,-6.5,-82.2,-35.8,8.4
310,2014.0,Padres,2362.0,5905.0,109.0,535.0,500.0,91.0,0.079,0.21899999999999997,0.115,0.277,0.226,0.292,0.342,0.283,82.0,-6.2,-128.7,23.6,8.0
311,2018.0,Tigers,2323.0,6029.0,135.0,630.0,597.0,70.0,0.071,0.222,0.138,0.293,0.241,0.3,0.38,0.295,84.0,6.4,-107.5,-13.4,8.0
312,2018.0,Padres,2380.0,6059.0,162.0,617.0,583.0,95.0,0.078,0.251,0.145,0.294,0.235,0.297,0.38,0.294,84.0,-5.7,-122.1,5.9,7.8
313,2009.0,White Sox,2241.0,6132.0,184.0,724.0,695.0,113.0,0.087,0.16699999999999998,0.153,0.285,0.258,0.329,0.411,0.326,91.0,-13.0,-84.0,-48.2,7.7
314,2010.0,Orioles,2240.0,6109.0,133.0,613.0,577.0,76.0,0.069,0.17300000000000001,0.127,0.296,0.259,0.316,0.386,0.31,87.0,-21.0,-111.8,-23.9,7.6
315,2018.0,Giants,2412.0,6113.0,133.0,603.0,573.0,77.0,0.073,0.24,0.129,0.299,0.239,0.3,0.368,0.29,82.0,-2.9,-140.9,17.5,7.2
316,2008.0,Royals,2250.0,6118.0,120.0,691.0,650.0,79.0,0.064,0.16399999999999998,0.128,0.307,0.269,0.32,0.397,0.315,87.0,-9.5,-109.1,-29.7,7.0
317,2015.0,White Sox,2265.0,6070.0,136.0,622.0,595.0,68.0,0.067,0.203,0.13,0.296,0.25,0.306,0.38,0.3,89.0,-15.2,-94.3,-40.0,6.7
318,2017.0,Padres,2342.0,5954.0,189.0,604.0,576.0,89.0,0.077,0.252,0.16,0.287,0.234,0.299,0.393,0.298,82.0,6.7,-132.0,3.1,6.4
319,2012.0,Astros,2421.0,6014.0,146.0,583.0,545.0,105.0,0.077,0.22699999999999998,0.135,0.288,0.236,0.302,0.371,0.296,82.0,-16.9,-144.4,18.2,6.3
320,2011.0,Mariners,2090.0,5972.0,109.0,556.0,534.0,125.0,0.073,0.214,0.115,0.283,0.233,0.292,0.348,0.283,80.0,11.9,-124.4,-14.2,5.7
321,2010.0,Astros,2358.0,6005.0,108.0,611.0,577.0,100.0,0.069,0.171,0.115,0.285,0.247,0.303,0.362,0.295,79.0,-6.4,-156.6,23.7,5.6
322,2013.0,Marlins,2244.0,6021.0,95.0,513.0,485.0,78.0,0.07200000000000001,0.205,0.104,0.28,0.231,0.293,0.335,0.279,74.0,-5.2,-178.9,44.4,5.1
323,2013.0,White Sox,2279.0,6077.0,148.0,598.0,574.0,105.0,0.068,0.19899999999999998,0.129,0.291,0.249,0.302,0.378,0.299,85.0,-12.7,-117.5,-33.1,4.9
324,2016.0,Athletics,1912.0,6022.0,169.0,653.0,634.0,50.0,0.073,0.19,0.149,0.28,0.246,0.304,0.395,0.302,89.0,-22.2,-100.5,-57.9,4.5
325,2010.0,Mariners,2104.0,5989.0,101.0,513.0,485.0,142.0,0.077,0.198,0.104,0.282,0.236,0.298,0.339,0.285,79.0,-1.0,-148.8,-12.3,4.5
326,2010.0,Pirates,2327.0,5974.0,126.0,587.0,570.0,87.0,0.078,0.20199999999999999,0.131,0.288,0.242,0.304,0.373,0.3,84.0,-5.8,-119.0,-30.8,3.7
327,2011.0,Twins,2269.0,6020.0,103.0,619.0,572.0,92.0,0.073,0.174,0.113,0.288,0.247,0.306,0.36,0.296,82.0,-6.5,-133.4,-29.4,3.3
328,2018.0,Orioles,2313.0,6034.0,188.0,622.0,593.0,81.0,0.07,0.23399999999999999,0.152,0.286,0.239,0.298,0.391,0.299,87.0,-9.6,-107.0,-65.0,2.7
329,2009.0,Royals,2247.0,6103.0,144.0,686.0,657.0,88.0,0.075,0.179,0.146,0.298,0.259,0.318,0.405,0.318,88.0,-18.9,-110.3,-78.6,2.0
330,2013.0,Astros,2266.0,6020.0,148.0,610.0,566.0,110.0,0.071,0.255,0.136,0.304,0.24,0.299,0.375,0.298,85.0,-8.9,-112.7,-63.1,1.9
